赛事名称,视频时长,网址
11.第八集 马拉松 未删减,01:02:52,https://www.bilibili.com/video/BV1W2mLYCEPW/
【4K ▎失落飞船:马拉松 正式版】全流程实况解说,01:05:15,https://www.bilibili.com/video/BV1BWPYzSECq/
【马拉松兜兜】视频已打包，欢迎围观！,01:15:11,https://www.bilibili.com/video/BV1A7cUzFEvi/
[合辑·60p直拍全资]Dal★shabet 组合热曲若干 160501安全共识马拉松庆祝演出,01:16:06,https://www.bilibili.com/video/BV17K421k7mG/
3月11日晚上非冲勿扰直播回放,01:20:51,https://www.bilibili.com/video/BV1UawczTEnb/
【Yooupi食途】十二小时超长马拉松大联播结束！20250830 Yooupi食途解答世间万物直播回放（高画质录屏版）Part009,01:23:29,https://www.bilibili.com/video/BV1qrhkzVE6n/
1个小时轻松学物权法,01:25:08,https://www.bilibili.com/video/BV1WK4y1R7vJ/
【搬運】哥斯拉馬拉松系列【全】,01:29:27,https://www.bilibili.com/video/BV164411F7Su/
山地车越野马拉松比赛分享,01:37:11,https://www.bilibili.com/video/BV1yP4y1W7wo/
【日影】马拉松（2007）| 自闭症 励志 感动,01:39:21,https://www.bilibili.com/video/BV15n4y197Rq/
1小时40分钟 步频180bpm长跑马拉松专用跑步音乐_阿甘主题,01:41:27,https://www.bilibili.com/video/BV1sG4y177i7/
【经典马拉松(1994)】Major Damage难度全通关流程（更新中）,01:50:44,https://www.bilibili.com/video/BV1VPcrzREQQ/
《超级总动员——金球争霸战》20250727期节目内容：超级大满罐/知识举举牌/陀螺FIGHTING/飞球冲锋队/超级金头脑/跑跑马拉松,01:52:39,https://www.bilibili.com/video/BV1quWGzME2R/
马拉松 말아톤 (2005) 韩国原版[千金不换],01:55:04,https://www.bilibili.com/video/BV1ZMwczXEeF/
高分电影【马拉松 (2005)】1080p中文字幕,01:55:30,https://www.bilibili.com/video/BV1BtcUzpEdm/
【马拉松破2完整纪录片】基普乔格的第二次尝试：159挑战！,02:09:17,https://www.bilibili.com/video/BV1VD4y117n8/
2020东京马拉松（全场视频）,02:10:12,https://www.bilibili.com/video/BV1jE411E7k9/
2022柏林马拉松,02:25:10,https://www.bilibili.com/video/BV1Q14y1h7uK/
今日份 直播回放,02:25:16,https://www.bilibili.com/video/BV12JPTz4ESL/
【直播回放】2022北京马拉松完整版（天安门广场至奥林匹克中心区景观大道）（2022年11月6日）,02:26:21,https://www.bilibili.com/video/BV1SG411c79C/
【直播回放】2023北京马拉松完整版（天安门广场至奥林匹克中心区景观大道）（2023年10月29日）,02:33:05,https://www.bilibili.com/video/BV1xM411X7h2/
2026东京马拉松【机翻字幕】,02:43:04,https://www.bilibili.com/video/BV1GEAzzsEGP/
2025瓦伦西亚马拉松-英文解说（机翻字幕）,02:45:58,https://www.bilibili.com/video/BV1Eq2rBwENc/
2023大阪国际女子马拉松,02:53:27,https://www.bilibili.com/video/BV1Gs4y1s7LS/
大阪马拉松2026,02:54:01,https://www.bilibili.com/video/BV1TrPMzwEkk/
2026大阪国际女子马拉松,02:55:00,https://www.bilibili.com/video/BV1wSzQBEE7X/
2026名古屋女子马拉松【正赛机翻字幕】,03:12:45,https://www.bilibili.com/video/BV16KNgzoEiL/
2023年伦敦马拉松全场回放(史上大佬最多的马拉松),03:20:03,https://www.bilibili.com/video/BV15h4y1n7p5/
【全场回顾】2024年巴黎奥运会男子马拉松决赛 塔米拉特·托拉夺冠,03:25:14,https://www.bilibili.com/video/BV1AMrCBwE1C/
第一人称沉浸式跑马：2022北京马拉松3小时41分完赛全程视频（完整原声版）,03:27:17,https://www.bilibili.com/video/BV1c24y127kt/
【福建文体】左海·2023福州马拉松 23-12-17,03:40:11,https://www.bilibili.com/video/BV1au4y1M7vJ/
江西南昌2023马拉松全程看（正片从40分19秒开始观看）,03:58:24,https://www.bilibili.com/video/BV1TC4y1E7xC/
2022瓦伦西亚马拉松,04:02:49,https://www.bilibili.com/video/BV1Dd4y1s7qm/
【全程回放】2025济宁马拉松,04:05:13,https://www.bilibili.com/video/BV1uYRiYbExz/
【特别搬运】2024成都马拉松直播回放（中国田径协会认证的马拉松赛事）（2024年10月27日上午）,04:23:09,https://www.bilibili.com/video/BV1me1YYZEUa/
【暂告完结】【星辰沙海】我一个马拉松运动员兜里揣点木头很合理吧,06:09:23,https://www.bilibili.com/video/BV1tg411K7HH/
【视频马拉松】#1-我赌你没耐心完整看完祖玛通关全过程！,06:12:28,https://www.bilibili.com/video/BV1BQ4y1V769/
年度东方大片！东方Project马拉松（锦上京篇）,09:33:55,https://www.bilibili.com/video/BV1tNqCBbEUb/
马拉松王子,09:53:23,https://www.bilibili.com/video/BV1Cs411U7tD/
【全集馬拉松】入間同學入魔了！S1  台配国语 reaction,14:28:23,https://www.bilibili.com/video/BV1Dz6jBwEeD/
【上译国语】𝟒𝐊 奥特赛文 赛文奥特曼「那就像是一边吐着血一边奔跑着的马拉松！」,24:22:30,https://www.bilibili.com/video/BV13BaQzcEw2/
divergence（分歧）,79:01:32,https://www.bilibili.com/video/BV1oYYTzUE62/
【飞天狙】直播回放2026-02-27和大甜玩玩新的搜打撤 失落行船：马拉松,01:00:01,https://www.bilibili.com/video/BV1B1AUzoE1o/
【飞天狙】直播回放2026-02-27和大甜玩玩新的搜打撤 失落行船：马拉松,01:00:01,https://www.bilibili.com/video/BV1CRASzzE7H/
【飞天狙】直播回放2026-02-27和大甜玩玩新的搜打撤 失落行船：马拉松,01:00:01,https://www.bilibili.com/video/BV1shAUzTEqL/
【飞天狙】直播回放2026-02-28和大甜玩玩新的搜打撤 失落行船：马拉松,01:00:01,https://www.bilibili.com/video/BV1uUAQzpEnb/
马拉松12小时连麦打滚、嘴硬、粗口应有尽有 （五）,01:00:01,https://www.bilibili.com/video/BV12o4y157Zq/
【失落星船马拉松Marathon】油管花生队长最新试玩录播2,01:00:03,https://www.bilibili.com/video/BV1HfZjBcEYi/
Hamilton搞笑视频一小时超长豪华马拉松,01:00:03,https://www.bilibili.com/video/BV19P4y1j7C8/
18K Tempo Run -  Full Run - Marathon Preparation Coach Benson Olenakeri - Finish,01:00:06,https://www.bilibili.com/video/BV1KHoKYGEsR/
（手指马拉松）连续弹一个小时master of puppets贝斯,01:00:19,https://www.bilibili.com/video/BV1FWuRzZEcL/
滑铁卢战役兵棋之右翼格鲁希瓦夫尔之战 普法马拉松-滑铁卢1815 基础瓦夫尔,01:00:27,https://www.bilibili.com/video/BV17t4y1E7ua/
【活动】2025年北京亦庄机器人半程马拉松直播片段-央视新闻,01:00:34,https://www.bilibili.com/video/BV1Eb5WzQEe7/
"Burning Desires（完整）,超级无敌马拉松谱FC-2，acc99.90%",01:00:47,https://www.bilibili.com/video/BV1NKSXYWEb8/
【双语字幕】Renato Canova 训练体系：马拉松训练的关键法则,01:00:59,https://www.bilibili.com/video/BV1bj2rB1Ejp/
一小时超长马拉松之为什么说王征兆遗物是神,01:01:02,https://www.bilibili.com/video/BV16omUBsE8g/
马拉松&amp;高级马拉松&amp;烈焰马拉松&amp;精英马拉松 迅测评——目前十二代车中最超模的车？！如果改了S的三段和赋能将无敌！,01:01:20,https://www.bilibili.com/video/BV1dQXJYWEov/
【极限爬升】险些失温的富士山马拉松 飞电6E雨战2小时50,01:01:21,https://www.bilibili.com/video/BV1R2qbBPEiP/
【Neuro/Evil直播录像】机翻 2025 NEURO 生日马拉松 第五天 p6 米妮联动,01:01:23,https://www.bilibili.com/video/BV128BjBnEwk/
1小时慢跑，动感音乐。大迫杰东京马拉松破纪录之战,01:01:24,https://www.bilibili.com/video/BV1zdUYYsESN/
【氷宇/马拉松】《影廊2》腐花马拉松？？分钟速通,01:01:51,https://www.bilibili.com/video/BV1n9VpzQE2Q/
全美缉凶：波士顿马拉松爆炸案 01,01:01:51,https://www.bilibili.com/video/BV1ts4y1P7iu/
PB！2小时38！超越极限的2025大阪马拉松,01:01:54,https://www.bilibili.com/video/BV1YNP7eMEAd/
【TRACK】俄克拉荷马州立大学越野队 11x1500米训练 | 第七天训练周,01:02:04,https://www.bilibili.com/video/BV1pxxkejEt1/
★我的世界★Minecraft《籽岷的多人跑酷 再战tPC（超级马拉松）跑酷》,01:02:13,https://www.bilibili.com/video/BV1vs411Z7tw/
【氷宇/马拉松】《影廊2》腐花马拉松54分钟速通,01:02:14,https://www.bilibili.com/video/BV1oLVrz8EY1/
马拉松的终点！但宝可梦永不结束！一口气看完宝可梦最新作朱紫的故事！,01:02:28,https://www.bilibili.com/video/BV1Z14y1d79u/
《当我谈跑步时，我谈些什么》| 送给跑步爱好者的有声书 持续更新中...,01:02:49,https://www.bilibili.com/video/BV1pT411Q7US/
大陆跑者的2024台北马拉松 2:51:01,01:03:06,https://www.bilibili.com/video/BV1AxkBYfEbA/
20251130六安马拉松跑崩完赛,01:03:18,https://www.bilibili.com/video/BV1nM2bBYEVh/
【APEX/咕咕】03-01 咕咕 马拉松,01:03:26,https://www.bilibili.com/video/BV1enPLzfE4d/
当你用博尔特的速度在田径场跑马拉松,01:03:29,https://www.bilibili.com/video/BV1vC29YKEao/
2023无锡马拉松 | 何杰、杨绍辉打破尘封15年中国男子马拉松国家记录，顺利达标巴黎奥运会,01:03:34,https://www.bilibili.com/video/BV1oP411d7Ku/
北京公交953路临时快车POV（云岗北环路东站→梨村公交场站 马拉松绕行临时快车全程原速前方展望）,01:03:34,https://www.bilibili.com/video/BV1DCrzY3E9L/
3月早樱盛开漫步游日本东京市中心 从东京站周边到上野恩赐公园 2026年东京马拉松 拍摄日期：2026.3.1,01:03:48,https://www.bilibili.com/video/BV14EPEzoEqG/
马拉松测试体验直播录像,01:03:52,https://www.bilibili.com/video/BV1kAPLz3EdY/
M | EP5 | 180BPM | 原创！不吵不闹 | 让人耳前一亮的节奏纯音 | 跑步音乐 | 超慢跑 | Workout |,01:03:54,https://www.bilibili.com/video/BV1ZpidBrE3P/
晨跑11.11k，龙少百天万公里陪跑。dji nano头戴。20260203晨,01:04:03,https://www.bilibili.com/video/BV1emF5z2EUx/
2023大连马拉松全程42.195 km顺利完赛vlog～,01:04:07,https://www.bilibili.com/video/BV1RQ4y1W71j/
威尔莫特的拼图时光 马拉松,01:04:10,https://www.bilibili.com/video/BV1oZwxzxEZK/
烂梗马拉松，挑战一个小时车程听自己的读烂梗系列连播（上）,01:04:53,https://www.bilibili.com/video/BV1sQf3BWEuB/
Sarah and Duck 莎拉和鸭子 - 1 小时 - 马拉松 4,01:05:16,https://www.bilibili.com/video/BV1AF411W7BU/
2014年伦敦马拉松。男子方面肯尼亚选手基普桑2.04.27夺冠，法拉赫首露面。女子组中肯尼亚选手E-基普拉加特获得冠军，迪巴巴第三。,01:05:25,https://www.bilibili.com/video/BV1Hp4y1p7Kr/
【君临TV】三兽爪蜗力竭的一集，最爽的发育，最长的马拉松😭,01:05:28,https://www.bilibili.com/video/BV1GqfVBrEZd/
月跑337k，小总结，下一站长马，逼话：真诚对待。粮食精：车库计划领袖水准，18精酿晃湖帝国IPA。,01:05:34,https://www.bilibili.com/video/BV1Ru411A79q/
EP66 ：2026，中国马拉松“退潮”了？492场背后的冷热知识,01:05:38,https://www.bilibili.com/video/BV1ArvpB4EXD/
临港滴水湖 惊涛拍岸 迎春跑 4K跑步机风景vlog 西岛中银金融中心 南岛洲际酒店 北岛水上嘉年华 上海跑步路线 260222 citywalk 马拉松 助眠,01:05:41,https://www.bilibili.com/video/BV1wvfcBsEra/
【MC】36小时直播马拉松集锦【ilmango】（由IVLIVS剪辑）,01:06:00,https://www.bilibili.com/video/BV1xW411p7Mu/
【复路中字】G+续报！箱根驿传,01:06:01,https://www.bilibili.com/video/BV1k4zNBmEHW/
2024营口·鲅鱼圈马拉松|半程142完赛，雨战第一视角！,01:06:13,https://www.bilibili.com/video/BV1xhTweUEor/
【PVE】1小时完成马拉松成就和向导任务（无剪辑加速）,01:06:26,https://www.bilibili.com/video/BV1DoGLzkEe7/
【2024东京马拉松】巴黎奥运会男子日本代表最终选拔赛官方新闻发布会｜MGC决赛挑战,01:06:45,https://www.bilibili.com/video/BV1Py42167mU/
【中字无广高清】第102回箱根驿传 往路4区,01:07:03,https://www.bilibili.com/video/BV1iZiQBwEYC/
【黄庭RVC】冲刺冰风暴马拉松王狼第一人，我曾无数次变身大狗,01:07:20,https://www.bilibili.com/video/BV1H8BWBeEry/
马拉松之父林敏聪一出！春三十娘都顶唔住！！！（1998奖门人）,01:07:30,https://www.bilibili.com/video/BV17Wh3zsELK/
『2025马拉松年度总结』：苦尽甘来时，再谈来时路,01:07:31,https://www.bilibili.com/video/BV1m3zUB2Erb/
马拉松的极意，救援91W先生11次,01:07:31,https://www.bilibili.com/video/BV1TLAhzsEkr/
【战争前线】地图：马拉松,01:07:44,https://www.bilibili.com/video/BV1jKk9YoEzv/
【马拉松兜兜】我的最新作品，快来一睹为快！,01:07:46,https://www.bilibili.com/video/BV1ooPKzGEZz/
"失落星船马拉松: Bungie全新搜打撤FPS揭露直播, 能否续写命运辉煌?",01:08:06,https://www.bilibili.com/video/BV12GdzYYEFB/
"【豪杰春香reaction 01】童年记忆，马拉松cp,没体力来不了一点",01:08:06,https://www.bilibili.com/video/BV13DNwzREP4/
67分钟马拉松ranked谱面 4.85🌟S3RL Ultimately Presents 99.77,01:08:17,https://www.bilibili.com/video/BV1hU3tzCENW/
【基普乔格】2022柏林马拉松 破记录！2小时01分09秒！超燃个人跑姿剪辑 1小时纯个人镜头 Kipchoge,01:08:26,https://www.bilibili.com/video/BV1H24y1R7FP/
【cerber/熟肉】大英甜狗玩星际拓荒全熟计划 #1 我死了？,01:08:32,https://www.bilibili.com/video/BV1ZvN3zdEdC/
2024 海淀马拉松36公里处 西北旺跑步大本营直播回放,01:08:38,https://www.bilibili.com/video/BV1oj1YYgEhv/
多名油管主合作-21年8月9这放在水溜頻道所以無CC翻譯【马拉松对决】大YouTuber举办体育赛事比赛真是一场激战！,01:08:38,https://www.bilibili.com/video/BV1oQ4y1S7Gf/
【崽崽】——《影廊2》腐花马拉松57分钟,01:08:50,https://www.bilibili.com/video/BV1Bz6jYQEYR/
跑步偶遇重度污染 给我干哪来了，这还是广州吗？,01:08:51,https://www.bilibili.com/video/BV1ao5rzxEoU/
2010郑开马拉松直播视频,01:08:54,https://www.bilibili.com/video/BV1HL4y1J72X/
Bungie新作PVP马拉松发布会,01:08:54,https://www.bilibili.com/video/BV1LMdiYzEeH/
EP6-180BPM：谁在安抚谁？当孩子成为父母情绪的“拯救者”| 跑步音乐播客,01:08:56,https://www.bilibili.com/video/BV1iwybBSExd/
马拉松精英赛|比赛实录|全马42.195km,01:08:57,https://www.bilibili.com/video/BV1aUqNYKEc5/
【学习】跑马拉松教会了我人生中的意义非凡的一课 RUNNING A MARATHON Taught Me The Biggest Lesson In Life.,01:09:00,https://www.bilibili.com/video/BV1N3411i7Ud/
视频播客[EP60]马拉松新规把欢乐跑踢出局？,01:09:06,https://www.bilibili.com/video/BV1znCqB1ELK/
梦想照进现实|富士山马拉松2024.11.24（3時間25分05秒）,01:09:17,https://www.bilibili.com/video/BV13FBEYgEnz/
69分钟 步频180bpm长跑马拉松专用跑步音乐全英文版。,01:09:23,https://www.bilibili.com/video/BV1h541157RJ/
20250405盐城马拉松复盘碎碎念,01:09:24,https://www.bilibili.com/video/BV1JSRoYMEpW/
北京公交832路临时快车POV(梨村公交场站→六里桥东站 马拉松临时绕行快车全程原速前方视角展望),01:09:24,https://www.bilibili.com/video/BV1S2rzYuEkS/
《马拉松》初见实况解说02：搜不到【超宽屏最高画质】,01:09:38,https://www.bilibili.com/video/BV1f2NMzDEQf/
【4K ▎失落飞船:马拉松】棒鸡最新搜打撤游戏！测试版全流程实况解说,01:09:48,https://www.bilibili.com/video/BV1n5AezQEGJ/
三鸟大战深5王虫，贫穷发育12级进夜王战，马拉松半小时艰难战胜【直播回放】,01:10:03,https://www.bilibili.com/video/BV1YASqBSEtC/
2024锦州马拉松300配速员全记录,01:10:05,https://www.bilibili.com/video/BV1hn4y197Lm/
【A9VG直播录像】《失落星船 马拉松》Alpha测试（2025年4月30日）,01:10:09,https://www.bilibili.com/video/BV1mgGRz7Evn/
经视直播200240324（2024武汉马拉松鸣枪开跑）,01:10:11,https://www.bilibili.com/video/BV1RK421Y7Jj/
马拉松测试体验,01:10:29,https://www.bilibili.com/video/BV1ykACzWEBi/
i wanna run the marathon 马拉松通关,01:10:31,https://www.bilibili.com/video/BV1xW411Q7wS/
2024年北京半程马拉松,01:10:55,https://www.bilibili.com/video/BV1JE421T7Uk/
韵律源点70分钟马拉松之risa生日回 初见手元,01:10:59,https://www.bilibili.com/video/BV1QoZ4B3ERV/
吴向东12.27日直播回放,01:11:18,https://www.bilibili.com/video/BV1ri4y1h7CE/
2025福州马拉松vlog,01:11:21,https://www.bilibili.com/video/BV1x5vyBsEL2/
【ASMR】👂超长70分钟！掏耳ASMR马拉松｜无人声纯触发,01:11:21,https://www.bilibili.com/video/BV1n6LBzeEmv/
玩游戏,01:11:24,https://www.bilibili.com/video/BV13ocVz1Eo5/
【cytoid】1小时超长马拉松，比赛用手元,01:11:28,https://www.bilibili.com/video/BV1FZ4y1U7CC/
【坑爹游戏】I wanna 初体验！超坑大冒险！马里奥洛克人异世界——我想跑马拉松,01:11:55,https://www.bilibili.com/video/BV1jnPMz2EBU/
pjsk国服 100火红谱野房随机马拉松（有一次升级10体,01:12:17,https://www.bilibili.com/video/BV1LLGYzvEih/
奉化马拉松BGM版【时长72分钟】,01:12:19,https://www.bilibili.com/video/BV1AtdwYZEs5/
【氷宇/马拉松】《影廊2》腐花马拉松60分钟速通,01:12:34,https://www.bilibili.com/video/BV1djVrzfErE/
稀饭直播马拉松第一赛段《守望先锋跨年夜》,01:12:37,https://www.bilibili.com/video/BV1L14y1h7YA/
[o!m/马拉松]可以当春晚看的72分钟前卫金属全专,01:12:48,https://www.bilibili.com/video/BV1FMZMBAEKG/
高百十年 风华正茂 2025年高百总决赛全记录,01:13:20,https://www.bilibili.com/video/BV1nKmGB9EQ4/
令人难绷的Wii Party U高速公路马拉松,01:13:33,https://www.bilibili.com/video/BV1xMFTeDEJB/
10公里跑进30分钟！姿勢跑法+训练技巧+马拉松跑步技巧（2019整理汇总）,01:13:35,https://www.bilibili.com/video/BV1xb411S7Co/
2026孝感半程马拉松F区出发纯享版,01:13:36,https://www.bilibili.com/video/BV1sDP9zXEKg/
礼仪培训,01:13:38,https://www.bilibili.com/video/BV1uNd8Y7ESS/
[录播]为2019厦门马拉松喝彩啦啦操比赛中学组第一场（厦门三中等）录播,01:14:02,https://www.bilibili.com/video/BV1Ht411Y7TJ/
抽哥聊短跑_暑假短跑训练_冲一级_2025-07-26_16-33-29,01:14:04,https://www.bilibili.com/video/BV1GE8hziEfy/
【俄语】俄著名演员弗拉基米尔·马什科夫在“新知识”马拉松论坛上的大师课,01:14:11,https://www.bilibili.com/video/BV1kU4y1L7Ya/
183 薄肌男生户外健身娱乐直播 2024.11.1,01:14:14,https://www.bilibili.com/video/BV1zSDRYRETJ/
《极限竞速：地平线 4》每周马拉松、季节赛事和狮子头(10.24)(详情看简介),01:14:20,https://www.bilibili.com/video/BV1UjyDYgE4s/
2025 庐山半程马拉松,01:14:31,https://www.bilibili.com/video/BV1vYxqz1Egb/
11月18日直播录像 马拉松世界大满贯,01:14:38,https://www.bilibili.com/video/BV1Fw411P73Y/
2024保定马拉松 直播LIVE   1/4,01:14:42,https://www.bilibili.com/video/BV1nr421G7mx/
2024保定马拉松 直播LIVE   2/4,01:14:42,https://www.bilibili.com/video/BV17D421J7qt/
2023保定环城水系马拉松赛 电视直播 Part3,01:14:43,https://www.bilibili.com/video/BV1tM411G7i2/
2023保定环城水系马拉松赛 电视直播 Part1,01:14:43,https://www.bilibili.com/video/BV1qo4y1L7om/
2023保定环城水系马拉松赛 电视直播 Part 2,01:14:43,https://www.bilibili.com/video/BV1Vo4y1t7Rd/
11月25日直播录像-马拉松的一些不成熟的小经验,01:14:48,https://www.bilibili.com/video/BV1zC4y1w7MT/
《极限竞速：地平线 4》每周马拉松、季节赛事和狮子头(10.10)(详情看简介),01:14:54,https://www.bilibili.com/video/BV1vR2qY9Eog/
【冷笑話馬拉松】雪櫃冷笑話1-200集大合輯！邊個係冷笑話之王？｜Pomato 小薯茄,01:14:55,https://www.bilibili.com/video/BV1G44y1v7yi/
2024苏州马拉松300配速员全记录,01:15:06,https://www.bilibili.com/video/BV1HC411V7Wm/
2026重庆马拉松破三赛记,01:15:09,https://www.bilibili.com/video/BV1vuzCBCEpd/
抽哥聊短跑_暑假短跑训练_冲一级_2025-08-01_09-06-20,01:15:36,https://www.bilibili.com/video/BV1DCh4zdEhm/
ohhh，黑夜君临。我就是马拉松的神！,01:15:39,https://www.bilibili.com/video/BV1py2LBhEJ5/
嘟嘟臉惡作劇 「捏脸測試」正式定檔6月13日！連休五天馬拉松直播，拚500訂閱 #嘟嘟臉惡作劇 #Trickcal #捏臉測試,01:15:41,https://www.bilibili.com/video/BV1vZM6z5EKb/
天津鑫淼租车-2024-12-16,01:15:54,https://www.bilibili.com/video/BV155BKYGEyx/
《极限竞速：地平线 4》每周马拉松、季节赛事和狮子头(11.21)(详情看简介),01:15:57,https://www.bilibili.com/video/BV1nuByYFEBR/
11月5日首次直播录播 感谢大家,01:15:57,https://www.bilibili.com/video/BV1wN411g7B6/
直播录像-12月23日跑者围炉漫谈,01:16:07,https://www.bilibili.com/video/BV1kQ4y1E7TJ/
XDD带队友团建逃离后室笑惨了 四个人凑不齐半个胆儿！但凡有把枪也不至于被怪追着跑马拉松！,01:16:27,https://www.bilibili.com/video/BV1aJ4m157uT/
伤退 沉浸式体验！奉化马拉松76分钟原声版,01:16:36,https://www.bilibili.com/video/BV1j6obYtE8q/
要战便战 最高难度 挑战关最后一波 马拉松对阵皇家军队,01:16:38,https://www.bilibili.com/video/BV1DzcczBEjg/
跑步问答—2024年1月20日直播录像,01:16:46,https://www.bilibili.com/video/BV1oT4y147Hd/
直播录像-12月02日跑者围炉漫谈,01:16:47,https://www.bilibili.com/video/BV1Cw411h7nc/
从梦开始的地方出发，在废弃的仓库里发现完好的怪物卡车，同在海上漂泊的幸存者联系，竭尽全力点亮灯塔吸引救援——《马拉松》其三,01:17:41,https://www.bilibili.com/video/BV15bKRzCENZ/
带你第一视角云跑8km—江苏省大学生路跑联盟迷你马拉松全程实录,01:17:42,https://www.bilibili.com/video/BV1bGCXBTEMs/
玩游戏,01:18:42,https://www.bilibili.com/video/BV1VucVzmEoT/
合肥半马赛道实录-附马拉松基础知识讲解,01:18:54,https://www.bilibili.com/video/BV1eZ51z3EvD/
2024年2月3日直播录像 跑者漫谈,01:18:59,https://www.bilibili.com/video/BV1qv421k79H/
一次关于马拉松的深度对谈,01:19:32,https://www.bilibili.com/video/BV1A6F3zREzR/
[马拉松临时绕行·特殊交路]北京公交809路马拉松绕行（非高速）期间全程前挡视角展望（POV）,01:19:33,https://www.bilibili.com/video/BV1nN411T7Uq/
战争前线马拉松主步枪,01:19:45,https://www.bilibili.com/video/BV1cx411U7BZ/
河源万绿湖马拉松vlog,01:19:48,https://www.bilibili.com/video/BV1qzcnzgEpp/
2016年杨凌农科城国际马拉松赛,01:19:56,https://www.bilibili.com/video/BV1K44y1v7Lv/
【崽崽】——《影廊2》马拉松速通测试,01:20:02,https://www.bilibili.com/video/BV1GkkwY3EdE/
2026香川丸龟半程马拉松,01:20:03,https://www.bilibili.com/video/BV1Vt6xBhE2r/
2025杭州马拉松赛记---当个LSD跑,01:20:05,https://www.bilibili.com/video/BV1b9yfB4EDh/
【瓶子/弹幕录播】最后的马拉松，3点or4点AG 2026年03月07日,01:20:06,https://www.bilibili.com/video/BV1EfNAzMEyo/
《极限竞速：地平线 4》每周马拉松、季节赛事和狮子头(11.15)(详情看简介),01:20:10,https://www.bilibili.com/video/BV14fmZYvE8c/
失落星船马拉松：对局强度有点大，一个任务做了两个小时，最后居然智斗终于做完,01:20:49,https://www.bilibili.com/video/BV1LtP9zBEMZ/
2025深圳马拉松D11662,01:20:55,https://www.bilibili.com/video/BV1tUqeBME1f/
【阿诺录播】20250307 一小时二十分钟！阿诺超级直播马拉松,01:21:07,https://www.bilibili.com/video/BV1XxRsYeEaz/
全球最大黑客马拉松全程记录：Cal Hacks 2025现场直击,01:21:11,https://www.bilibili.com/video/BV1uWrZB7E69/
2024君乐宝保定马拉松，半程马拉松第一人称全记录 ｜ 热情保定，下次还去，祝保马越办越好，做大做强,01:21:14,https://www.bilibili.com/video/BV1Hp421S7Xf/
爱情纪录片之恋爱马拉松,01:21:52,https://www.bilibili.com/video/BV1D9p1zpEFr/
【马拉松兜兜】最新视频已上线，快来围观！,01:21:58,https://www.bilibili.com/video/BV1zWwFz9EhZ/
抽哥聊短跑_暑假短跑训练_冲一级_2025-08-06_17-42-51,01:22:01,https://www.bilibili.com/video/BV1LktczDEVb/
100回箱根，各大学教练座谈会,01:22:07,https://www.bilibili.com/video/BV1it4y1Z7NF/
【大忽悠录屏】8月5日糖分超高♂的自定义粉丝局，马拉松混战超欢乐,01:22:15,https://www.bilibili.com/video/BV1Cs411g74b/
【马拉松】天仓IV捡垃圾爽,01:22:29,https://www.bilibili.com/video/BV14XAQzSEv9/
【王者遗灰】鬼屋马拉松被天雷送下周目贬为活尸pver重新练起,01:22:45,https://www.bilibili.com/video/BV1GgtyzaEN3/
2025湖州半程马拉松119全程实录,01:22:55,https://www.bilibili.com/video/BV1BfkSB5E6c/
Keating无人能挡！百万美金马拉松精彩集锦(全),01:23:06,https://www.bilibili.com/video/BV1tN2vBfE9X/
美术无敌的3A级搜打撤 失落星船：马拉松 开场动画+新手教程+试玩实况,01:23:18,https://www.bilibili.com/video/BV124Puz8Exv/
【马拉松】正式版强度变的好高，以及棒鸡我豪华版奖励呢？ 2026-03-06,01:23:34,https://www.bilibili.com/video/BV11oPWzKENb/
法国马耶讷河畔马蒂涅 全民健身马拉松赛精粹 跑步机有氧训练视频,01:23:49,https://www.bilibili.com/video/BV1Ax4y1C7e6/
只说你最喜欢的那一双！｜2025跑鞋大家TAN,01:23:53,https://www.bilibili.com/video/BV1ecfTYaEMt/
【4K中英双语/TimTheTatman】马拉松 这款游戏真的该被全网喷吗,01:23:57,https://www.bilibili.com/video/BV14LP5zVEg5/
【1080P】Nerd ASMR@1小时按摩马拉松帮助缓解失眠焦虑,01:24:04,https://www.bilibili.com/video/BV15jd7YHEEu/
《极限竞速：地平线 4》每周马拉松、季节赛事和狮子头(10.17)(详情看简介),01:24:35,https://www.bilibili.com/video/BV1kmCRYrEYi/
【苏联电视节目】马拉松-15：苏联少先队第十届全联盟代表大会（1990年）,01:24:54,https://www.bilibili.com/video/BV1YC4y1H7uJ/
【弹幕】3.29 备战黄浦马拉松 峰哥亡命天涯直播,01:25:05,https://www.bilibili.com/video/BV127ZYYXEMi/
【42分钟的马拉松谱？】Phigros Mashup 4k谱面预览（sid在简介）,01:25:12,https://www.bilibili.com/video/BV1HL4y1q7iP/
武士馬拉松完成披露9則,01:25:18,https://www.bilibili.com/video/BV1wt411b7gt/
2026.02.20搏击17%小雨（90分钟马拉松）,01:25:27,https://www.bilibili.com/video/BV1zpf1B3Erw/
【2022伦敦马拉松】 全场录播 PART 1  贝克勒比赛看一场少一场,01:25:27,https://www.bilibili.com/video/BV14G4y1W787/
Bart Swings丨42km马拉松丨2023轮滑世界杯第3站丨L&#x27;AQUILA,01:25:34,https://www.bilibili.com/video/BV19j411U7LB/
征途艰辛·超越自我｜KONA2022·IRONMAN铁人三项世锦赛纪录片,01:26:34,https://www.bilibili.com/video/BV1F14y1J7HS/
【民权战争】2026/02/07战队联赛实况-------旗子比点重要！特别是要跑马拉松的时候,01:26:42,https://www.bilibili.com/video/BV1onF4zXE5Y/
20250330 2025揭陽馬拉松賽 半程馬拉松,01:26:42,https://www.bilibili.com/video/BV1QBJnz1ESt/
国家级教练教你如何训练，长视频,01:26:52,https://www.bilibili.com/video/BV1eXcozTETR/
【战争前线】冷锋系列之马拉松,01:26:52,https://www.bilibili.com/video/BV1fF411Y7dx/
【綜藝大集合】 20221002 宋羽葤挑戰最美小鴨！田中馬拉松怎麼越跑肚子越飽？扛轎大賽太刺激啦,01:26:55,https://www.bilibili.com/video/BV1aT411K7XZ/
【失落星船：马拉松】虎落藻池被犬欺，小队9杀结束比赛,01:27:05,https://www.bilibili.com/video/BV1gfPXztEPw/
双追肉蜗究极马拉松局，没有输出如何战胜深5王虫？ 【直播回放】,01:27:09,https://www.bilibili.com/video/BV1fRyDBXE1K/
一场奇怪的马拉松比赛，只有跟上慢悠悠的男人，才能通过猎人考试,01:27:10,https://www.bilibili.com/video/BV1ZHfGYpEhD/
【Yowana】Adidas Pro Evo 2 可能是完美的马拉松跑鞋,01:27:18,https://www.bilibili.com/video/BV1yYEiz3EbJ/
最美马拉松！2023日本富士山马拉松环河口湖29km全记录,01:27:19,https://www.bilibili.com/video/BV17G411v7Yt/
萌萌杯表演赛：N难六关底马拉松,01:27:26,https://www.bilibili.com/video/BV1WWSqBKEJc/
【许杨玉琢】分享日常 ，护肤，美甲 | 14号助演戴萌 ，26号去香港跑马拉松 ，27号时装周活动 |   260309抖音直播,01:27:34,https://www.bilibili.com/video/BV1b8PfzrEBt/
波士顿马拉松爆炸案调查 Inside the Hunt for the Boston Bombers,01:27:36,https://www.bilibili.com/video/BV1k44y1S7Jb/
仁寿半马120官兔是什么体验？ | 全程摄影 | 破国家纪录，太快了！,01:27:49,https://www.bilibili.com/video/BV1ar421s7DR/
20230902卡卫门下午全程直播跑马拉松！！,01:28:06,https://www.bilibili.com/video/BV1Qh4y1m799/
马拉松巨人 La battaglia di Maratona (1959),01:28:09,https://www.bilibili.com/video/BV1DbGvzYEa1/
第一视角半马完赛记录-2024杭州梦想小镇半程马拉松,01:28:37,https://www.bilibili.com/video/BV1ym421n7bi/
东方原作马拉松 P1 : (th4~th6),01:28:43,https://www.bilibili.com/video/BV1dEeUzPEDy/
3名至尊机器跑血宫马拉松跑到241层(ULK联机+Brutal),01:28:44,https://www.bilibili.com/video/BV1jrtYzrEPp/
2025桐庐半马125全程实录,01:28:54,https://www.bilibili.com/video/BV16xxNzcELn/
20250309 2025南京浦口馬拉松(半程馬拉松),01:28:56,https://www.bilibili.com/video/BV1jSRRY8Eu1/
【跑步日记】14KM长距离，继续探索奥北森林公园南园，路线还不是很清晰,01:28:57,https://www.bilibili.com/video/BV136ABzHEEf/
连南半程马拉松前20公里一刀未剪,01:29:27,https://www.bilibili.com/video/BV1tpZzYCEpk/
最燃最适合马拉松的中文跑步音乐！,01:29:28,https://www.bilibili.com/video/BV1oV4y1q7n2/
捷克 布拉格半程马松赛 跑步机有氧训练,01:29:43,https://www.bilibili.com/video/BV1JkTuzcEX7/
90分钟 175BPM 跑步音乐 🏃 提升耐力和速度 | 马拉松训练必备 - 活力800,01:30:13,https://www.bilibili.com/video/BV1akcjzQEvn/
90分钟 165BPM 跑步音乐 🏃 提升耐力和速度 | 马拉松和长跑训练组合- 活力800,01:30:16,https://www.bilibili.com/video/BV1raFUzREQC/
半马128，全程一镜到底！无删减【昆山马半马第一视角4K原声版】,01:30:23,https://www.bilibili.com/video/BV1PKkzYhEgF/
POV 跑步日记 #2 E区大神带你沉浸式体验2025南山半马,01:30:25,https://www.bilibili.com/video/BV1H7mzBcEFp/
第一视角完赛记录-2023北京半程马拉松,01:30:49,https://www.bilibili.com/video/BV1us4y127rD/
国家级教练教你如何训练，长视频,01:31:00,https://www.bilibili.com/video/BV1eXcozTE8X/
【沐森】I wanna run the marathon：较长游戏马拉松，闲情Fangame挺轻松,01:31:03,https://www.bilibili.com/video/BV1f64y1h7tR/
氛围感拉满，明年还来！保定马拉松第一视角全记录,01:31:05,https://www.bilibili.com/video/BV1gVLwzjEoL/
【我的世界】还记得曾经的马拉松跑酷吗？,01:31:09,https://www.bilibili.com/video/BV1FW41147tZ/
［POV原速-86］北京公交 665路（马拉松绕行快车） 北京南站南广场方向 BJ6123EVCA-37,01:31:11,https://www.bilibili.com/video/BV1R16mBtEGy/
高燃剪辑！广工新年202.6km接力全纪实！,01:31:19,https://www.bilibili.com/video/BV1nMfzB4E36/
马拉松时刻,01:31:27,https://www.bilibili.com/video/BV1raPTzEEAo/
金鸡湖半马91分钟全程录制 | 第一视角【原声版】,01:31:44,https://www.bilibili.com/video/BV1nJ4m1h7fV/
【熟】Crelly鉴赏粉丝二创｜直播马拉松第144天,01:31:46,https://www.bilibili.com/video/BV13Ur6BTEKu/
烂梗马拉松（下）一个半小时听烂梗挑战,01:31:48,https://www.bilibili.com/video/BV16JfwBWERH/
第一视角半马完赛记录-2023上海佘山半程马拉松,01:33:10,https://www.bilibili.com/video/BV1Z14y1f7bu/
78兄弟勇闯马拉松 #Day 1,01:33:17,https://www.bilibili.com/video/BV1A5PYzoEGt/
黑环史上最变态的对局！法赖祷追力爵0减仇恨马拉松鏖战深5王羊90分钟燃尽一切力气和手段艰难取胜,01:33:44,https://www.bilibili.com/video/BV189AYzTEBn/
小缸直播-丽总马拉松，直击现场,01:33:55,https://www.bilibili.com/video/BV1V2pFzhEus/
【失落星船：马拉松】最能苟的一集,01:34:04,https://www.bilibili.com/video/BV1k4N3zwE45/
《极限竞速：地平线 4》每周马拉松、季节赛事和狮子头(10.31)(详情看简介),01:35:10,https://www.bilibili.com/video/BV1HkSdYxExT/
魔兽世界潘达利亚马拉松直播实录,01:35:17,https://www.bilibili.com/video/BV1XG8LzsENb/
【与大迫杰一起跑步】一听就会爱上的私人跑步歌单~,01:35:41,https://www.bilibili.com/video/BV1QshMe2EoG/
180步频 · 全英文跑步歌单 | 大迫杰全程陪跑,01:35:46,https://www.bilibili.com/video/BV1wnfmBHEXy/
鲤鱼访谈004期｜北大铁人KONA世锦赛访谈录｜不平凡的普通人，距离世锦赛有多远？,01:35:58,https://www.bilibili.com/video/BV1EnynBvEem/
[录播]为2019厦门马拉松喝彩啦啦操比赛中学组第三场（大同中学十一中等）录播,01:36:12,https://www.bilibili.com/video/BV1Lt411k7hP/
【会长的聊天室】今日嘉宾张德顺~也祝顺子新婚快乐！,01:36:34,https://www.bilibili.com/video/BV1c96xBCEWt/
【2023波士顿马拉松】字幕纯享版 直播回放,01:36:56,https://www.bilibili.com/video/BV1924y1c7Pb/
【马拉松】清远马拉松 一堂出色的大课,01:36:59,https://www.bilibili.com/video/BV12EXsYHESH/
2026厦门马拉松直播,01:37:45,https://www.bilibili.com/video/BV1SwrsBHEci/
品川↔︎银座(偶遇东京马拉松),01:37:48,https://www.bilibili.com/video/BV1GgPTzeEom/
动漫版热血的长跑盛宴|99回箱根驿传超详细解说,01:37:52,https://www.bilibili.com/video/BV1AeNBzGEeR/
吴向东12.20直播回放 | 比赛规划、装备、吐槽,01:38:10,https://www.bilibili.com/video/BV1qg4y1C7UA/
衣米服·马年贺岁：【奔跑吧·兄弟】集结号！2026艾泽拉斯跑图马拉松，和兄弟们一起跑赢大奖！20260217,01:38:11,https://www.bilibili.com/video/BV1yMZ2B2EpF/
【重磅，全网首发，全场】群星 慈善TOP POP马拉松 1987 （成龙，林子祥，张国荣，梅艳芳，谭咏麟）,01:38:43,https://www.bilibili.com/video/BV1P3ANeQEJh/
[𝑯𝒊-𝑹𝒆𝒔无损]《失落星船:马拉松》游戏原声带｜第二辑：They Are Waiting,01:38:43,https://www.bilibili.com/video/BV13tP4z9EsM/
[马拉松临时快车]北京公交665路POV（电鹰丨鹿海园公交场站→北京南站南广场 快车全程原速前方展望）,01:39:14,https://www.bilibili.com/video/BV1nNKDzCEsX/
2025武汉马拉松,01:39:19,https://www.bilibili.com/video/BV19BosYVEM6/
孝三孝三 直播回放 【孝三】马拉松商人全满 2026年03月03日23点场,01:39:41,https://www.bilibili.com/video/BV1viPczHEct/
【许杨玉琢】最近喜欢黑芝麻馅儿的蛋卷|敬请期待3月26日香港马拉松活动|趣味游戏问答|3月6日品牌直播见 260303抖音直播,01:40:28,https://www.bilibili.com/video/BV1TLPqzkEg5/
峰哥亡命天涯2025.3.22无锡马拉松赛前直播，手机录制,01:40:29,https://www.bilibili.com/video/BV1TxXbYPEvd/
峰哥亡命天涯2025.3.22无锡马拉松赛前直播，明天跑半马,01:40:39,https://www.bilibili.com/video/BV1GhXxYAEJW/
大迫杰100分钟轻松慢跑全记录丨1080p高清，流量党慎入,01:40:40,https://www.bilibili.com/video/BV135411c7nz/
『跑步音乐-步频185 BPM』 1小时40分马拉松跑步音乐，精确校准,01:40:41,https://www.bilibili.com/video/BV1ki4y1U7v7/
【中字】和大迫杰一起在非洲大地上来一次轻松跑吧,01:40:41,https://www.bilibili.com/video/BV1ig1hYiE79/
一镜到底！2025苏州太湖数字半程马拉松,01:40:59,https://www.bilibili.com/video/BV1f8rSBgEA9/
【水璇】搜狐新闻马拉松物料合集 丨外务 20240617,01:41:01,https://www.bilibili.com/video/BV1pb421p78r/
2024深圳马拉松300领跑员全记录,01:41:27,https://www.bilibili.com/video/BV19XzyYXEiz/
第一人称沉浸式跑马：2023北京永定河马拉松 1小时41分完赛,01:41:35,https://www.bilibili.com/video/BV1r14y1f7o4/
加拿大尼亚加拉 半马赛实景（瀑布在终点） 跑步机跑步、健步走有氧运动伴侣,01:41:44,https://www.bilibili.com/video/BV1y24y177md/
2022 上海马拉松第一视角 1/2（冲330）,01:41:49,https://www.bilibili.com/video/BV1o24y1C7RD/
【沉浸式第一视角】带你体验成都双遗马拉松半马赛道,01:42:29,https://www.bilibili.com/video/BV1YV4y1D7uT/
挂机游戏丨收集马拉松丨自然管理【虫虫生态箱】Demo试玩,01:42:31,https://www.bilibili.com/video/BV1bb9DYeEdT/
【Crelly/熟】直播马拉松第148天｜梗视频反应,01:43:29,https://www.bilibili.com/video/BV1mDFYz4E86/
首半马C区突围记-2023南京溧水半程马拉松第一视角沉浸-295米累计爬升,01:43:37,https://www.bilibili.com/video/BV15L411X74B/
国家级教练教你如何训练，长视频,01:43:38,https://www.bilibili.com/video/BV1eXcozTEGL/
2023年3月19日纽约半程马拉松，基普里莫1:01:31力压同胞切普特盖夺冠,01:43:41,https://www.bilibili.com/video/BV1nM411H7Vn/
[待避马拉松]北京公交1路POV（大红鱼丨四惠枢纽站→老山公交场站 全程原速前方展望）,01:44:16,https://www.bilibili.com/video/BV16NKDzCEC7/
20250527复利哥连线三大实盘高手【十万组第一名-大背头】Lucky睿 【百万组第一名-穿西装跑马拉松】 干货分享直播回放,01:44:23,https://www.bilibili.com/video/BV12ejZzAEHJ/
2026厦门马拉松赛记,01:44:45,https://www.bilibili.com/video/BV1kJzGBvEGR/
12.01直播录播,01:44:50,https://www.bilibili.com/video/BV1cQ4y1x7B6/
【中英双语/挑眉哥Asmongold TV】我试玩了 马拉松 ..,01:45:30,https://www.bilibili.com/video/BV1RCPtzhEqQ/
一镜到底！2025上海黄浦半程马拉松,01:45:38,https://www.bilibili.com/video/BV1hwrSB8Eob/
完整的龙设计马拉松 | 概念艺术和游戏所需的身体、头部和角,01:46:17,https://www.bilibili.com/video/BV1f2kFBuEyd/
2026重庆马拉松记录,01:46:23,https://www.bilibili.com/video/BV1XLzFBSEhR/
【自存】【七星马拉松】ins直播,01:46:46,https://www.bilibili.com/video/BV1zZfEBaEPQ/
七星马拉松ins直播｜田中&amp;若林&amp;黑田&amp;德丸&amp;片桐&amp;喜多&amp;片山&amp;宇田川&amp;有一&amp;荒卷&amp;阿户&amp;神田&amp;德澄&amp;石原&amp;大须贺&amp;松子&amp;将隆&amp;山下,01:46:46,https://www.bilibili.com/video/BV1nGfEBPEwd/
2025福冈国际马拉松,01:47:02,https://www.bilibili.com/video/BV1GpmcBVErQ/
2024年十堰马拉松半程比赛完整视频,01:47:09,https://www.bilibili.com/video/BV1dw4m117ua/
【HBO纪录片】马拉松：爱国日爆炸案【Fantopia】,01:47:14,https://www.bilibili.com/video/BV1ax41127N3/
马拉松：爱国者日爆炸案 Marathon：The Patriots Day Bombing,01:47:14,https://www.bilibili.com/video/BV1oPcezrE5X/
『第一视角』2024重庆铁山坪森林半程马拉松-145完赛全程录像,01:47:20,https://www.bilibili.com/video/BV1qHUWYdEHC/
【直播回放】波比游戏时间123章一命马拉松通关，为即将到来的第四章做好准备！！,01:47:35,https://www.bilibili.com/video/BV16zFKe6ENa/
『失落星船：马拉松』游戏OST① 音乐集 2026,01:47:42,https://www.bilibili.com/video/BV11yPbzSEeR/
2024杭州女子半程马拉松第一人称视角全记录（平均配速453，1:43完赛）,01:47:51,https://www.bilibili.com/video/BV1wqz2YkEmB/
2025第一跑，南京浦口马拉松，半程146完赛，带你沉浸式第一视角跑马，全程录制一镜到底,01:48:18,https://www.bilibili.com/video/BV1L5QmY8EHN/
【中字】合集版！入门长跑系统课程,01:48:31,https://www.bilibili.com/video/BV15tBxYAEyx/
酒酿陈子-2024-12-16,01:48:47,https://www.bilibili.com/video/BV1PyBcYjErr/
武汉马拉松半程比赛完整记录,01:49:48,https://www.bilibili.com/video/BV1fD421L7b3/
[冒险/收集马拉松] ILA: A Frosty Glide 通关流程,01:49:49,https://www.bilibili.com/video/BV1svs8zME6z/
【灯油】失落星船：马拉松,01:50:42,https://www.bilibili.com/video/BV1nuNGzYETi/
要做的只有一件事，那就是不停逃跑[地狱已满]多地图马拉松无伤单通,01:50:45,https://www.bilibili.com/video/BV1Y6fPBmEis/
五星体育HD_20201129_0615-1000_现场直播：2020上海国际马拉松赛_155239,01:51:11,https://www.bilibili.com/video/BV1Tv4y1j7rG/
超长访谈 与董哥 大福运动生涯的回顾与展望,01:51:47,https://www.bilibili.com/video/BV1agvzBQEoL/
马拉松直播录像,01:52:12,https://www.bilibili.com/video/BV1cXPMz9ECY/
进来看UP骆岗半马跑崩的全过程,01:52:16,https://www.bilibili.com/video/BV1Z2LPzhEDj/
训练实录 | 6*（1600快+400慢）,01:52:57,https://www.bilibili.com/video/BV1VpArz8Ebt/
【大迫杰】120分钟用心混剪，来跑步吧！-2022-3-5 14:13:47,01:53:30,https://www.bilibili.com/video/BV15a411b7dg/
24小时马拉松紧贴90天！EXIT兼近笑容的激跑！ 8-29,01:54:07,https://www.bilibili.com/video/BV1rW4y1t79s/
【2025南京半程马拉松】D区 第一视角,01:54:43,https://www.bilibili.com/video/BV1uyXuYJEfX/
572 630经验 转移11次 向导牌马拉松+迷宫 轻剪辑,01:54:48,https://www.bilibili.com/video/BV1mHkTBzERv/
里昂马拉松，《生化4RE》接力直播第2日,01:55:08,https://www.bilibili.com/video/BV1iFBcBdEsF/
【氷宇/体育生】《影廊2》体育生套禁地图腐花马拉松（粉丝要求挑战）,01:55:10,https://www.bilibili.com/video/BV1WQsbzqE9a/
2025南京浦口马拉松 半马147全程记录,01:55:26,https://www.bilibili.com/video/BV1L5R3YvEaG/
剧本杀《死者在幻夜中醒来》不正经详细解读【开启硬核马拉松时代】,01:55:30,https://www.bilibili.com/video/BV1gLvSezEUX/
【机翻字幕】第74届福冈国际马拉松属于【吉田祐也】的高光时刻,01:56:20,https://www.bilibili.com/video/BV163411V7hZ/
【来自GuardianCon 2018】Digital Extremes 慈善马拉松直播,01:56:37,https://www.bilibili.com/video/BV1ds411p7vK/
（补档）51972-水冷马拉松（带弹幕）,01:57:18,https://www.bilibili.com/video/BV1NnteevEQC/
20200607搜狐新闻马拉松直播回放 跑步部分 唐一菲,01:58:23,https://www.bilibili.com/video/BV1o5411p7A9/
【全集】58 暖栀-恐龙岛 逃杀马拉松：牛牛的极限2小时,01:58:37,https://www.bilibili.com/video/BV1TSADeWEf4/
一场怪异的马拉松，没有规定时间和目的地，只需要跟上考官的步伐【全职猎人】,01:58:46,https://www.bilibili.com/video/BV1Pc411Q7F2/
【游戏试玩】《Marathon》(马拉松)WINDOWS版试玩,01:58:57,https://www.bilibili.com/video/BV1AV41167VM/
生化危机2(98) 游戏实况 | 生化危机马拉松,01:59:07,https://www.bilibili.com/video/BV1Lg4y1U7Vd/
【观影已删除/失落星船：马拉松】2026/3/6 明喝伯爵红茶（卡绒录播）,01:59:09,https://www.bilibili.com/video/BV1N8PazoEPw/
画画马拉松,01:59:11,https://www.bilibili.com/video/BV1SM2tBCExH/
全程直播录像｜宇树G1第一次长跑训练,01:59:23,https://www.bilibili.com/video/BV1grLUzCEWs/
3/31复盘马拉松合集,01:59:37,https://www.bilibili.com/video/BV17HZ4YdEe5/
黑环史上最变态的一局！深五鏖战美蛙长达三小时赌上一切燃烧马拉松之魂拼尽全力拿下战斗，没有人类了,01:59:55,https://www.bilibili.com/video/BV1Rf42zkELz/
《极限竞速：地平线 4》每周马拉松、季节赛事和狮子头(11.7)(详情看简介),02:00:00,https://www.bilibili.com/video/BV1YWDaY5EXm/
120分钟 180步频跑步音乐 带节拍器 #马拉松#跑步音乐#跑步#180步频跑步音乐,02:00:00,https://www.bilibili.com/video/BV1KTydYQEwh/
马拉松德国2,02:00:01,https://www.bilibili.com/video/BV1mb4y1g7Sd/
【飞天狙】直播回放2026-02-27和大甜玩玩新的搜打撤 失落行船：马拉松,02:00:02,https://www.bilibili.com/video/BV1kzADzzEyq/
【飞天狙】直播回放2026-02-27和大甜玩玩新的搜打撤 失落行船：马拉松,02:00:02,https://www.bilibili.com/video/BV1mYAXzHEpo/
【Vedal和Neuro-sama】2025年01月05日-直播马拉松Day 16,02:00:02,https://www.bilibili.com/video/BV1mRrTYCEza/
跑马拉松音乐：周杰伦120分钟精选（180bpm）,02:00:12,https://www.bilibili.com/video/BV1AN411H7x1/
基普乔基马拉松1小时59分全记录,02:00:58,https://www.bilibili.com/video/BV1vE411h7Vg/
2026上海半程马拉松路线-早鸟体验,02:01:02,https://www.bilibili.com/video/BV1QEcfzMEi2/
【编程音乐】开启终极专注模式｜Ultimate Focus Chillstep Mix｜马拉松式编码必备,02:01:07,https://www.bilibili.com/video/BV1jbCjBSEmr/
2025黄埔马拉松第一人称视角,02:01:16,https://www.bilibili.com/video/BV1nsvhBgEFu/
2017柏林马拉松全程回顾，三大高手对决，基普乔格2.03.32夺冠！,02:02:17,https://www.bilibili.com/video/BV12p4y1W7Wg/
【IW】【长流程综合神作】来一场经典游戏马拉松吧！！I wanna run the marathon 全流程通关视频,02:03:13,https://www.bilibili.com/video/BV1EK411L72U/
2024南京马拉松赛记,02:03:32,https://www.bilibili.com/video/BV1QkUtYZEju/
文明6地球巨大马拉松模式秦始皇天神难度从零开始  第一章   远古时代,02:03:36,https://www.bilibili.com/video/BV1k44y1b7U1/
[领克08 新手驾驶]从苏州自驾2025泰州马拉松 全过程,02:04:33,https://www.bilibili.com/video/BV1AhW9zNEHn/
2001柏林马拉松，高桥尚子打破原女子记录夺冠,02:04:43,https://www.bilibili.com/video/BV1du411o7FC/
【起源心金】10 - 自行车道 -&gt; 浅红市 -&gt; 对战马拉松 -&gt; 浅红市保护区,02:04:59,https://www.bilibili.com/video/BV1UN411U7uM/
【老李船长】直播回放 2026.3.7「全新搜打撤｜失落星船 马拉松」,02:05:16,https://www.bilibili.com/video/BV1f6NPzuEpS/
2025眉山仁寿马拉松VLOG,02:05:40,https://www.bilibili.com/video/BV1cX9aYKEBC/
北京大学第二届“阅读马拉松”第六期 某科学的《三体》读法—呆呆老师领读《三体》,02:06:05,https://www.bilibili.com/video/BV1FF411d7EQ/
2025大连马拉松245赛记,02:06:43,https://www.bilibili.com/video/BV1ufECzqEC9/
【花小龙直播日记】12月15日直播回放 老板娘马拉松开跑,02:07:41,https://www.bilibili.com/video/BV1a1BFYdEsd/
【2小时185BPM】跑步节拍器 | 第一视角云跑步搭子,02:08:10,https://www.bilibili.com/video/BV15gk8BjE2E/
2025奉化桃花马拉松（半程原声记录，养身跑了）,02:08:38,https://www.bilibili.com/video/BV1LBoBYDERf/
2024 上海马拉松（破3选手慢动作跑姿欣赏）,02:08:42,https://www.bilibili.com/video/BV1qKzdY9EEm/
[领克08 新手驾驶]从苏州自驾2025上海马拉松 全过程,02:09:14,https://www.bilibili.com/video/BV1JmS1BQEcx/
【游E说一】棒鸡马拉松，不如杀戮尖塔2，且看新品节,02:10:23,https://www.bilibili.com/video/BV1G4wAzJEMS/
【点播｜恐袭波士顿】reaction 第一次看真实事件改编，波士顿马拉松恐怖袭击事件,02:10:34,https://www.bilibili.com/video/BV1Eg8yzJEDz/
是橘长呀-直播切片-2026-03-07-马拉松-三个塑料兄弟（字面意思）,02:11:01,https://www.bilibili.com/video/BV12sPXzDE54/
东京马拉松2023，记录全马207~430直播镜头以外普通，却又不平凡的选手们...,02:11:07,https://www.bilibili.com/video/BV1uv4y1a7VZ/
【超长尊享版】4月16号郑开漂移板36公里马拉松全程,02:11:37,https://www.bilibili.com/video/BV1Tg4y1575j/
【老李船长】直播回放 2026.3.1「无脏话尝尝新搜打撤！｜失落星船 马拉松」,02:12:54,https://www.bilibili.com/video/BV1CePuzdEMh/
2023名古屋女子马拉松,02:13:45,https://www.bilibili.com/video/BV1Pk4y1h7U8/
【雪糕cheese】失落星船马拉松-2026.02.27,02:14:00,https://www.bilibili.com/video/BV1x5AQz1EVV/
水冷马拉松结案,02:14:11,https://www.bilibili.com/video/BV1HV4QegE5t/
当我被马拉松速度刚百T的老大哥搞破防后......,02:14:51,https://www.bilibili.com/video/BV1CHePzWEke/
阅读马拉松｜首届第八期：文学中的世纪与全景——戴锦华教授领读波拉尼奥的小说《2666》,02:15:49,https://www.bilibili.com/video/BV1Ce4y1R7aj/
2025纽约马拉松直播录屏,02:17:57,https://www.bilibili.com/video/BV1hu1cBNEkw/
2020浙江马拉松精英赛,02:17:59,https://www.bilibili.com/video/BV1HNYQz2EDm/
东京马拉松2025,02:18:16,https://www.bilibili.com/video/BV1qS9qYkEei/
是橘长呀-直播切片-2026-03-08-马拉松-三傻大闹天仓四,02:18:21,https://www.bilibili.com/video/BV1qkcRzKEvx/
第36回出雲駅伝,02:18:24,https://www.bilibili.com/video/BV11cmLY5Esm/
2025眉山东坡马拉松【第一视角记录】,02:18:45,https://www.bilibili.com/video/BV1JDUTBGEDz/
[领克08 新手驾驶]2025泰州马拉松 结束自驾回苏州,02:19:03,https://www.bilibili.com/video/BV1BnsbzZEvb/
2024杭州马拉松,02:19:19,https://www.bilibili.com/video/BV1zsSCYJExS/
全员满属性近乎无限资源爽局，30天流程翻倍通关马拉松模式！【加拿大死亡之路】#11,02:19:20,https://www.bilibili.com/video/BV1UEhHzBEeV/
音乐剧马拉松！【全中字/FNF音乐剧】第一季Friday Night Funkin&#x27; THE MUSICAL SEASON 1 By RecD Week 1-7,02:19:34,https://www.bilibili.com/video/BV1tG411g7GB/
峰哥亡命天涯2025.3.30上海马拉松赛后直播，今天be挺好,02:20:15,https://www.bilibili.com/video/BV1uPZ6Y1Es4/
尹烨年度推荐图书马拉松（下）直播回放完整版,02:20:25,https://www.bilibili.com/video/BV1cvERzXEzw/
【血包の学习彩六中直播回放】跑会儿马拉松就睡  2026年3月12日01点,02:20:36,https://www.bilibili.com/video/BV1FGwNzqE7j/
[我Geebar谁啊/直播录播]-20260306-玩会儿马拉松,02:21:06,https://www.bilibili.com/video/BV1wNP4zzEYL/
【熟】Crelly梗图鉴赏 ｜直播马拉松第127天 部分回放,02:21:17,https://www.bilibili.com/video/BV1vESiBSEVT/
要战便战 挑战模式 马拉松之战 (对阵起义农民),02:21:29,https://www.bilibili.com/video/BV1tFNUzLEam/
如何轻松跑好一场马拉松！附：24周马拉松训练课表！,02:21:37,https://www.bilibili.com/video/BV19b411x7n4/
【2023年2月12日】渣打香港马拉松 25th,02:22:02,https://www.bilibili.com/video/BV1Re4y1w7GN/
是橘长呀-直播切片-2026-02-28-马拉松-三区兄弟再闯天仓四,02:22:05,https://www.bilibili.com/video/BV1JEPJz2EeG/
史上最激烈的战斗！102回箱根驿传完整解说,02:22:39,https://www.bilibili.com/video/BV1dAPrzKEvW/
2025名古屋女子马拉松,02:22:51,https://www.bilibili.com/video/BV1AhR8YiEnu/
2020南京马拉松,02:23:12,https://www.bilibili.com/video/BV1Xf4y1v7w5/
尹烨年度推荐图书马拉松（上）直播回放完整版,02:23:38,https://www.bilibili.com/video/BV1qfEQzzE2M/
直播回放2026-03-06 马拉松正式版初体验Day1,02:24:14,https://www.bilibili.com/video/BV1RkPtzwEDF/
2025东京马拉松,02:24:22,https://www.bilibili.com/video/BV1tz9FYREWo/
2022芝加哥马拉松全场,02:24:31,https://www.bilibili.com/video/BV13m4y1A7iA/
Olympic  PARIS  男子马拉松,02:24:36,https://www.bilibili.com/video/BV1cu4SeNEBs/
连南半程马拉松.record,02:25:42,https://www.bilibili.com/video/BV16pVszDEjG/
2023福冈国际马拉松,02:25:49,https://www.bilibili.com/video/BV1Nc411B7zC/
【2023年3月12日】2023眉山仁寿半程马拉松,02:25:51,https://www.bilibili.com/video/BV1j84y1A7ZS/
2021福冈国际马拉松,02:26:01,https://www.bilibili.com/video/BV1rL41177a1/
2025年宁海马拉松（全程原声，跟着400小姐姐完赛）,02:26:03,https://www.bilibili.com/video/BV1zaXeYeEF4/
福冈国际马拉松22,02:26:32,https://www.bilibili.com/video/BV1P14y1J7yg/
是橘长呀-直播切片-2026-02-27-马拉松-三区兄弟勇闯天仓四,02:26:37,https://www.bilibili.com/video/BV1v9P3zSEvb/
第44回大阪国际女子马拉松,02:26:45,https://www.bilibili.com/video/BV1F9FNeGEoF/
(速通马拉松）I wanna run the Marathon 2：25：00通关。,02:27:00,https://www.bilibili.com/video/BV1rBgtz4ERt/
[领克08 新手驾驶]参加完2025上海马拉松 自驾回苏州,02:27:13,https://www.bilibili.com/video/BV16dSbB3E7u/
马拉松2025-05-02 07_46_24,02:27:30,https://www.bilibili.com/video/BV1fLVuzgEv2/
【奔跑吧兄弟reaction】第13季第四期：兄弟团拉铲车遗憾落败，全员接力马拉松展现团魂,02:28:22,https://www.bilibili.com/video/BV1ZRJczAE9v/
加拿大不归路 DR2C 马拉松模式通关（更新完毕）,02:28:29,https://www.bilibili.com/video/BV1Ud4y127K3/
青春QUIZ马拉松2025,02:28:35,https://www.bilibili.com/video/BV1NaH1zyEXJ/
2018年柏林马拉松完整版-基普乔格破纪录,02:28:39,https://www.bilibili.com/video/BV1PW411C7Mt/
180步频跑步音乐马拉松时长精编版2（关注、点赞、收藏后续持续更新）,02:29:08,https://www.bilibili.com/video/BV1ps3tzFEQt/
加拿大死亡之路-马拉松模式：一份食物一分货(抢劫除外)，20份食物招募最强巫师,02:29:45,https://www.bilibili.com/video/BV1tWREYrEL1/
德宏瑞丽马拉松 一马跑两国 半马全程实况 2.5h目瑙纵歌配乐,02:29:47,https://www.bilibili.com/video/BV1GCr8YnEfx/
【卡波姆】2个半小时跑步音乐，轻快节奏，中长跑必备！,02:30:31,https://www.bilibili.com/video/BV1J14y1q7nW/
2018南宁马拉松,02:30:47,https://www.bilibili.com/video/BV1cY411x7CK/
【体育生vlog】体育生日常体能训练&amp;放松33,02:31:11,https://www.bilibili.com/video/BV1bfqSB2ENq/
生化危机3 游戏实况 | 生化危机马拉松,02:31:25,https://www.bilibili.com/video/BV1sV41197Wy/
失落星船:马拉松！疾行搜打撤 Asaki壮壮童猪组队 试玩新游 这不得百万撤离！【弹幕版】【Asaki大人03月01日直播回放】,02:31:53,https://www.bilibili.com/video/BV1qrPTzGESY/
【POV】菜鸟的首半马|2024大连马拉松半马第一视角完赛纪录|云跑步,02:32:02,https://www.bilibili.com/video/BV1LayWYLEPy/
老头环，霍格沃兹遗产，剑星，蜘蛛等【PS5Pro测试马拉松】【下】,02:32:08,https://www.bilibili.com/video/BV12CDeYuEc9/
2013年第12届全运会马拉松赛营口站央视解说,02:32:08,https://www.bilibili.com/video/BV1t34y1o7ZG/
2020重庆女子半程马拉松直播,02:32:40,https://www.bilibili.com/video/BV1hr4y1C7VC/
七海Nana7mi-20250729-魔兽世界马拉松！-偷偷地看,02:32:55,https://www.bilibili.com/video/BV1ZBCCBtEeD/
【直播】2023深圳南山半程马拉松,02:33:13,https://www.bilibili.com/video/BV1Su4y1G72k/
美国海军陆战队、陆军游骑兵和空军飞行员分解野战装备 - 装备马拉松 (英文）,02:33:19,https://www.bilibili.com/video/BV1hS421d7i5/
进入生存恐怖的世界 96&#x27;梦的开始 | 生化危机全系列马拉松,02:33:22,https://www.bilibili.com/video/BV1MXzxBnEog/
【2022年11月6日】2022北京马拉松,02:34:13,https://www.bilibili.com/video/BV1gP411A7Xk/
【厚切苟肉】0301 克苟和水友玩新游戏 《失落星船：马拉松》目前免费试玩中【克利咕咕兰】,02:35:08,https://www.bilibili.com/video/BV1uyPGz1Ejn/
黛砚直播录屏10.11《迷途猫的奇妙旅行》,02:35:08,https://www.bilibili.com/video/BV1zsypB6ELi/
战争前线俄服马拉松,02:35:12,https://www.bilibili.com/video/BV1Ys411y7S9/
2025西游乐园淮安马拉松300领跑员全记录,02:35:18,https://www.bilibili.com/video/BV13VoMYxEd9/
2021奔跑中国淮安马拉松赛 何杰、陈为芬分获男、女组冠军,02:35:28,https://www.bilibili.com/video/BV1XU4y1h7d5/
【跑步】2025湖州马拉松 | 半马全程实录,02:35:38,https://www.bilibili.com/video/BV1h4kiBfE2C/
2019柏林马拉松全程回顾。凯内尼萨·贝克勒2.01.41夺冠！后程反超，差3秒破世界纪录。,02:35:38,https://www.bilibili.com/video/BV1Gy4y127xX/
孝三孝三 直播回放 【孝三】马拉松商人全满 2026年03月02日20点场,02:35:50,https://www.bilibili.com/video/BV1NkP7zpEDA/
失落星船:马拉松！猛攻~ Asaki壮壮童猪组排大战AI 无人机支援 百万撤离进行中！【弹幕版】【Asaki大人03月08日直播回放】,02:35:54,https://www.bilibili.com/video/BV1ACNgzaEsr/
2025宁波马拉松，7分配完赛！（全程原声，养生跑）,02:37:08,https://www.bilibili.com/video/BV1ymo8YrECN/
硬核大叔 求生神作1-15集马拉松 Primal Tendencies,02:37:51,https://www.bilibili.com/video/BV1B64y1a7kD/
【跑13 reaction】第3期：团魂炸裂！13公里马拉松接力赛开启,02:38:22,https://www.bilibili.com/video/BV1GiquBgEb2/
2015伦敦马拉松全程，三基争霸，乔爷2.04.42夺冠,02:38:48,https://www.bilibili.com/video/BV18f4y1r7gV/
【搬运】梨视频特别直播：不聚集，名古屋马拉松“云”开跑（2020年3月8日创建）,02:38:52,https://www.bilibili.com/video/BV1NE411u7oa/
【东马直播】2025黄河口东营马拉松,02:38:59,https://www.bilibili.com/video/BV1UJsNz3Eup/
【长春】2023长春国际马拉松比赛 CCTV5直播录制,02:39:06,https://www.bilibili.com/video/BV1Eg4y1c7fj/
CCTV5马拉松赛事转播-长春马拉松 20240901,02:39:21,https://www.bilibili.com/video/BV1QoHYebE6b/
拉赫玛尼诺夫全套协奏曲马拉松音乐会(2023年11月3日东艺),02:39:21,https://www.bilibili.com/video/BV1U94y1G7FA/
2025重庆马拉松300领跑员全记录,02:39:47,https://www.bilibili.com/video/BV1wE9LYsEX3/
何杰、杨绍辉破纪录之战---2023无锡马拉松,02:40:08,https://www.bilibili.com/video/BV1Tb411o7Qq/
2025Boston Marathon波士顿马拉松,02:40:42,https://www.bilibili.com/video/BV1XSVHzvEwe/
单排马拉松全过程？开局先蹲7分钟！【逃离塔科夫】,02:41:31,https://www.bilibili.com/video/BV18vsjenEYk/
失落星船:马拉松！正式上线 Asaki壮壮童猪三人组疾行加入 激战超雄人机 哒哒哒撤！【弹幕版】【Asaki大人03月07日直播回放】,02:41:40,https://www.bilibili.com/video/BV12ANAz1Ewc/
2021年西安马拉松赛【奔跑中国】,02:42:14,https://www.bilibili.com/video/BV1sA411V7oA/
渣打香港马拉松 2021,02:42:22,https://www.bilibili.com/video/BV1QQ4y1q7Sd/
【中文解说/2021年10月17日】2021巴黎马拉松,02:42:23,https://www.bilibili.com/video/BV1H34y1m7ao/
2025建发厦门马拉松300领跑员全记录,02:42:33,https://www.bilibili.com/video/BV1FjrYYiEvd/
【中译】Fredrik zillen跑步课程 高效跑步技巧的艺术 掌握轻松高效跑步的艺术 提高运动表现并预防伤病,02:43:29,https://www.bilibili.com/video/BV1rabrzCEiu/
2025深圳马拉松254全程记录,02:44:24,https://www.bilibili.com/video/BV1rw2mBJEun/
【2022年3月6日】2021东京马拉松赛（中文解说）,02:44:36,https://www.bilibili.com/video/BV11L411N7n1/
2019长春马拉松,02:44:47,https://www.bilibili.com/video/BV1yF41187V1/
‘25伦敦马拉松,02:44:48,https://www.bilibili.com/video/BV1YqLzzsE7n/
2013柏林马拉松,02:44:48,https://www.bilibili.com/video/BV1314y1A71y/
【电影《恐袭波士顿》充电加急reaction】路人第一次看，给我带来的冲击力远超于电影,02:45:08,https://www.bilibili.com/video/BV1i4u8zUEt8/
【炽翎氷宇/马拉松】《影廊2》腐花脚镣胡子马拉松一命不存档通关,02:45:24,https://www.bilibili.com/video/BV1mh19YnEhS/
2023波士顿马拉松（国语）,02:46:10,https://www.bilibili.com/video/BV12M4y1y7Wz/
【官方】2025大阪女子马拉松完整版 / 第44届 大阪国际女子马拉松,02:46:48,https://www.bilibili.com/video/BV1FHf2YHEnA/
深圳马拉松 | 全马03:50:49,02:46:49,https://www.bilibili.com/video/BV1vJmWBCEJE/
2026重庆马拉松248全程实录,02:47:41,https://www.bilibili.com/video/BV1RLk3BFE1D/
【藤原正和】解说版 2025东京马拉松 20250302,02:47:41,https://www.bilibili.com/video/BV1GJRwYgEog/
奔跑吧光谷 2024光谷马拉松 20241117,02:48:14,https://www.bilibili.com/video/BV1rzUBY6E8P/
【MGC 东京奥运马拉松代表选考赛】2019-09-15,02:48:19,https://www.bilibili.com/video/BV1iJ411A72F/
2023名古屋女子马拉松,02:48:47,https://www.bilibili.com/video/BV14M4y1C7og/
赛道很美，也很虐 ｜ 355完赛秦皇岛马拉松全记录vlog,02:49:32,https://www.bilibili.com/video/BV1Ky7fzuEny/
【GZTV】悦•动——2024广州马拉松特别节目-241208,02:49:37,https://www.bilibili.com/video/BV1DWqwYREV4/
辽宁营口2023鲅鱼圈马拉松电视直播全程看（2023年5月27日 辽宁营口鲅鱼圈世纪广场 正片从3分41秒开始 之前为宣传时段）,02:50:01,https://www.bilibili.com/video/BV1Bj411D7LA/
东京马拉松2026,02:50:01,https://www.bilibili.com/video/BV1iDAzzaEfa/
【峰哥1124马拉松直播】,02:50:22,https://www.bilibili.com/video/BV1rM4y1P781/
2025太原马拉松全程300领跑记录,02:51:32,https://www.bilibili.com/video/BV17inhzQEr8/
【厚切苟肉】0228 克苟和水友玩新游戏 《失落星船：马拉松》目前免费试玩中【克利咕咕兰】,02:52:39,https://www.bilibili.com/video/BV1hUAYzzEyi/
【2022年11月20日】2022杭州马拉松,02:52:43,https://www.bilibili.com/video/BV1aR4y1f7qE/
文明6地球巨大马拉松模式秦始皇天神难度从零开始 第四章 文艺复兴 中,02:52:50,https://www.bilibili.com/video/BV1pL4y187Yz/
【马拉松DJ Set】IN TRANCE WE TRUST,02:53:01,https://www.bilibili.com/video/BV1Zw4m1U7Ng/
奔跑吧S13 EP3 接力马拉松 reaction  孟子义李昀锐加盟,02:53:39,https://www.bilibili.com/video/BV1YUs2zYESS/
2023大阪马拉松,02:54:01,https://www.bilibili.com/video/BV14g4y1H7x8/
CS马拉松,02:54:29,https://www.bilibili.com/video/BV1kUcYzQEqW/
英国小哥挑战终极舞曲游戏！臭名昭著欧陆疾速2小时41分钟不间断马拉松,02:55:10,https://www.bilibili.com/video/BV1XVfgB8EBS/
巴西烤肉：南方最佳烧烤节！一段令人垂涎欲滴的巴西南部美食之旅（马拉松式直播观看）作者：bonfilho zulian,02:55:51,https://www.bilibili.com/video/BV16PkRB4E7C/
2024-12-31 直播马拉松Day 9,02:56:25,https://www.bilibili.com/video/BV13B67YGEYs/
坦克世界官方直播：新马拉松9级重坦strv K试玩,02:56:41,https://www.bilibili.com/video/BV1Gh411q7vC/
2022伦敦马拉松,02:56:58,https://www.bilibili.com/video/BV1KK411Q7CV/
【直播回放】和直播间小伙伴一起见证马拉松揭露,02:57:07,https://www.bilibili.com/video/BV1vGdBYyE6F/
杭州马拉松 | 全马03:31:18 | 比赛实录,02:57:10,https://www.bilibili.com/video/BV1pN1pB7ETe/
【神之 2023-12-21 晚上·完整版】钢枪+輸了就晚安叭+臧馫+站场马拉松(汀薄董)+8想学习+得巧+唱歌+下班,02:57:51,https://www.bilibili.com/video/BV17N4y18786/
2015上海国际马拉松赛 产生最快赛道记录,02:57:55,https://www.bilibili.com/video/BV1BR4y147rz/
【充电点播专场】恐袭波士顿Reaction ▎全程看着生大气！！！但是恐怖袭击永远无法打败的是希望和平与爱的凝聚！！！！！,02:59:28,https://www.bilibili.com/video/BV181mFBBEZ6/
[🔴LIVE] 2025 群山新万金马拉松大会 LIVE 直播,02:59:38,https://www.bilibili.com/video/BV1cvgvzkEah/
第一视角完赛记录-2024中国马拉松精英排名赛暨长荡湖马拉松,02:59:44,https://www.bilibili.com/video/BV1BkquYdE5J/
#破二基普乔格#奥运马拉松首金全程回放#,02:59:46,https://www.bilibili.com/video/BV1NE411r7Ci/
2025南京马拉松,03:00:01,https://www.bilibili.com/video/BV12qCQBcEte/
湖北生活 2024武汉马拉松 20240324,03:00:01,https://www.bilibili.com/video/BV1BJ4m177BN/
【马拉松】2026-03-08-1,03:00:05,https://www.bilibili.com/video/BV1yHN3zvExz/
【马拉松】2026-03-10,03:00:08,https://www.bilibili.com/video/BV12WcRzEEBD/
2025世界大学生夏季田径运动会半马，马秀针‌以 ‌1小时12分48秒‌夺冠，女队银牌，男队第三,03:00:26,https://www.bilibili.com/video/BV1Z2hczZEzo/
2022休斯敦马拉松比赛录像，美国女子全马、半马纪录告破！,03:00:57,https://www.bilibili.com/video/BV1k44y157tP/
白南十字交互无休循环 3小时 10w+物量 纯外键无暂停,03:01:05,https://www.bilibili.com/video/BV14hPozAExy/
2023上海半程马拉松（WX）,03:01:06,https://www.bilibili.com/video/BV1r24y1F7oW/
【A9VG直播录像】《失落星船：马拉松》（2026年3月6日）,03:01:45,https://www.bilibili.com/video/BV155NMzCEcU/
2025绍兴马拉松253全程实录,03:02:04,https://www.bilibili.com/video/BV1AxUkBjEN6/
第一视角完赛记录-2024上海马拉松,03:02:35,https://www.bilibili.com/video/BV16yzUYyEJh/
美术惊奇的搜打撤新游《马拉松》初见实况解说01：惑星行者【超宽屏最高画质】,03:02:36,https://www.bilibili.com/video/BV1C5PYzdEPB/
第一视角完赛记录-2025宁波马拉松,03:02:51,https://www.bilibili.com/video/BV1ToobY2EXh/
千恋＊万花part14 蕾娜·莉希特娜瓦线，连休五天马拉松直播，拼500订阅 #yuzusoft #萌萌小麦 #柚子社,03:03:02,https://www.bilibili.com/video/BV1DNMrzzEB9/
生化危机1重制版 游戏实况 生化危机马拉松,03:03:31,https://www.bilibili.com/video/BV1Ze411J7mU/
第一视角完赛记录-2024合肥马拉松,03:03:48,https://www.bilibili.com/video/BV17WU5YeEo5/
2023沈阳马拉松全程看,03:04:33,https://www.bilibili.com/video/BV1Rh4y1Y7VR/
文明5 马拉松巨型地球图 第一章 贝加尔湖的摇篮,03:04:50,https://www.bilibili.com/video/BV1CE411B7J2/
【BUNGIE：马拉松】封测实机视频，超长量大管饱！,03:05:17,https://www.bilibili.com/video/BV19UL3zVEin/
RIDDLE JOKER 開新坑放鬆一下，連休五天馬拉松直播，拚500訂閱 #yuzusoft #萌萌小麥 #柚子社,03:06:01,https://www.bilibili.com/video/BV1fmMbzHEhG/
山西大同2023摇滚马拉松全程看（正片从16分41秒开始观看）,03:06:26,https://www.bilibili.com/video/BV1zK4y1F7a8/
第一视角完赛记录-2025青岛马拉松,03:06:55,https://www.bilibili.com/video/BV1uc59zpE5Q/
【C1yMba】马拉松新车TST和弹鼓VZ直播录像,03:06:56,https://www.bilibili.com/video/BV1Yb4y157Rn/
【2022年11月27日】2022厦门马拉松（厦门台国语解说）,03:07:36,https://www.bilibili.com/video/BV1jK411o77y/
是橘长呀-直播切片-2026-02-27-前半场马拉松尝鲜-后半场吃鸡被暴打,03:07:59,https://www.bilibili.com/video/BV1kzP3zFEro/
第一人称视角沉浸式跑马：2023天津马拉松完整赛道记录 用时3小时56分,03:08:13,https://www.bilibili.com/video/BV1dw411Q74h/
全网最尊重生化3重制的直播间 RE3R | 生化全系列马拉松,03:08:54,https://www.bilibili.com/video/BV1Ey6BBMEPb/
2023里约马拉松全程比赛,03:09:00,https://www.bilibili.com/video/BV1xK411v7a5/
2023美国纽约马拉松-replay,03:09:00,https://www.bilibili.com/video/BV1j84y1Q7y5/
第一视角完赛记录-2024长春马拉松,03:09:26,https://www.bilibili.com/video/BV1SDHfe8EKw/
第一视角完赛记录-2025大连马拉松,03:10:02,https://www.bilibili.com/video/BV1iwECz1EkB/
【Neuro马拉松直播】计时器从15小时涨到275小时的完整过程,03:10:05,https://www.bilibili.com/video/BV18e6iYoEaN/
孝三孝三 直播回放 【孝三】马拉松商人全满 2026年03月01日20点场,03:12:35,https://www.bilibili.com/video/BV1g7PuzqE8g/
第25屆渣打香港馬拉松 比賽直播,03:14:44,https://www.bilibili.com/video/BV17M411P7cD/
第一视角完赛记录-2023北京马拉松,03:15:16,https://www.bilibili.com/video/BV1Dw411q7rM/
【放送文化】南京银行·2025南京马拉松（完整版）（南京市体育局承办）（2025年11月16日上午）,03:16:16,https://www.bilibili.com/video/BV1sHCXBcE2e/
【马里奥惊奇MOD】解锁罗莎塔！3小时马拉松一口气通关！这MOD太神了！,03:16:19,https://www.bilibili.com/video/BV1HCpkzYEbo/
《重型机械巨无霸：卡特彼勒6015B挖掘机3小时卡车装卸马拉松》,03:16:24,https://www.bilibili.com/video/BV1X7KZzUEDP/
第一视角全马完赛记录-2024淮安马拉松,03:16:35,https://www.bilibili.com/video/BV1QZ421n7Fq/
峰哥亡命天涯-20250322-解答世间万物,03:16:49,https://www.bilibili.com/video/BV1RKX4YMEnc/
【放送文化】《2023上海马拉松》媒体直播（澎湃新闻直播版，含转播五星体育单元）（20231126）,03:16:57,https://www.bilibili.com/video/BV1WC4y1y7nP/
『失落星船：马拉松』游戏OST② 音乐集 2026,03:17:20,https://www.bilibili.com/video/BV14BPbz9EFw/
2025大阪马拉松全纪录,03:17:23,https://www.bilibili.com/video/BV1EJ9FYBE3h/
太马来啦！山西太原2023马拉松电视播出版193分钟全程看（正片从20分14秒开始观看 之前为宣传时段）,03:17:56,https://www.bilibili.com/video/BV1nX4y1y7yj/
快打旋风lns小圆子版4.3新模式白死神马拉松特瑞新皮肤测试,03:18:30,https://www.bilibili.com/video/BV16Vk4B2EsC/
第一视角完赛记录-2023杭州马拉松,03:18:36,https://www.bilibili.com/video/BV1bQ4y137jg/
第一视角完赛记录-2025广州马拉松,03:18:56,https://www.bilibili.com/video/BV1CiBDB5EDx/
渣打香港马拉松2026 直击,03:21:23,https://www.bilibili.com/video/BV1T3kWBHE2d/
第一视角完赛记录-2023无锡马拉松,03:21:41,https://www.bilibili.com/video/BV1tx4y1w7Ee/
&#x27;25郑州马拉松,03:21:46,https://www.bilibili.com/video/BV11jCXBeE7j/
第一视角全马完赛记录-2024厦门马拉松,03:21:59,https://www.bilibili.com/video/BV1Wi4y1B7ys/
第一视角完赛记录-2024六盘水马拉松,03:23:22,https://www.bilibili.com/video/BV1D3YdeUEjN/
2024太原马拉松完整纪录,03:25:13,https://www.bilibili.com/video/BV1v21sYmEF2/
2023首尔马拉松,03:25:41,https://www.bilibili.com/video/BV1ML411d7u3/
第一视角完赛记录-2023哈尔滨马拉松,03:25:57,https://www.bilibili.com/video/BV1k14y1y7CY/
【文明6】巴兹尔二世真实极大地球开拓者马拉松248回合统治胜利,03:26:38,https://www.bilibili.com/video/BV1xwzJBcEek/
快打旋风lns小圆子版4.3新版马拉松测试,03:26:43,https://www.bilibili.com/video/BV1sTBVBzEEw/
2021纽约马拉松全程 NYC Marathon,03:26:44,https://www.bilibili.com/video/BV1PT4y1R7Rv/
第一视角完赛记录-2023苏州马拉松,03:27:18,https://www.bilibili.com/video/BV1To4y1W77W/
2023广州马拉松全程直播,03:27:36,https://www.bilibili.com/video/BV1ZN41157W4/
第一视角完赛记录-2023厦门马拉松,03:27:51,https://www.bilibili.com/video/BV1UV4y1S7Pk/
2025海口马拉松全纪录,03:28:33,https://www.bilibili.com/video/BV1vB6nBEEP2/
2025年11月2日北京马拉松完整版,03:30:29,https://www.bilibili.com/video/BV1Ky1wBcEoG/
穿着古拉COS服跑马拉松怎么样，2025一汽红旗长春马拉松完赛记录,03:30:48,https://www.bilibili.com/video/BV1t9jSz7Edn/
第一视角完赛记录-2025济南（泉城）马拉松,03:31:19,https://www.bilibili.com/video/BV1xQshzLEU5/
【经典放映室】2016年里约奥运会男子马拉松 基普乔格夺冠,03:32:00,https://www.bilibili.com/video/BV1jC4y1P739/
2024滴滴海淀马拉松第一视角全程完赛记录,03:32:07,https://www.bilibili.com/video/BV1FvSbYjEsN/
双人联机 新游戏 搜打撤 【失落星船:马拉松】,03:32:45,https://www.bilibili.com/video/BV1MBPMzPEh2/
[孩子字幕组]网球王子百曲马拉松 清晰版,03:32:50,https://www.bilibili.com/video/BV1bx411G77p/
Tori Kelly翻唱马拉松3.5小时直播w/AJ Rafael,03:32:57,https://www.bilibili.com/video/BV1GaNBePEGz/
失落星船：马拉松的初体验奇妙之旅,03:33:17,https://www.bilibili.com/video/BV1aDAYzMEfE/
2023石家庄马拉松全记录,03:34:44,https://www.bilibili.com/video/BV1SF41167Uc/
2024天津马拉松第一视角全程完赛记录,03:35:52,https://www.bilibili.com/video/BV1k2y7Y6E3v/
「每天坚持跑步」2025年12月21日 广州马拉松全程记录,03:36:44,https://www.bilibili.com/video/BV1PKkLBXEgZ/
2025后谷咖啡·吉林市马拉松,03:37:20,https://www.bilibili.com/video/BV1SoERzqEq1/
2025海南（三亚）马拉松 全程Vlog 339 pb了！,03:38:16,https://www.bilibili.com/video/BV1t5iuBhEsb/
Tokyo Legacy Half Marathon 2025东京遗产半程马拉松 李宁 大破杰 日本第一,03:38:31,https://www.bilibili.com/video/BV13psuzdEXJ/
【炽翎氷宇/马拉松】《影廊2》脚镣胡子先生上级马拉松全程直播不重开一命到底宇宙第一,03:38:45,https://www.bilibili.com/video/BV1Mf421U7V2/
第一视角完赛记录-2021西安马拉松,03:38:46,https://www.bilibili.com/video/BV1k54y1L727/
2025武汉马拉松 20250323,03:41:17,https://www.bilibili.com/video/BV1czoyY5EKH/
孝三孝三 直播回放 【孝三】马拉松商人全满 2026年02月28日20点场,03:42:14,https://www.bilibili.com/video/BV1gYAezzEzA/
《马拉松(Marathon》(1994)通关视频（应求上传）,03:42:59,https://www.bilibili.com/video/BV1dCpqemE4t/
生化危机0 游戏实况 生化危机马拉松,03:43:05,https://www.bilibili.com/video/BV1FK411i7Fs/
杭州马拉松,03:43:32,https://www.bilibili.com/video/BV1x11sBoEbh/
左海·2025福州马拉松 25-12-14,03:45:01,https://www.bilibili.com/video/BV1FYmiBWEeD/
2025莆田马拉松 25-12-28,03:45:11,https://www.bilibili.com/video/BV1uMvyBbEWA/
加拿大死亡之路 大剑妹子的马拉松独狼之行,03:45:57,https://www.bilibili.com/video/BV1es411b7Hk/
【2023年3月19日】2023无锡马拉松,03:46:13,https://www.bilibili.com/video/BV1cs4y1p7yN/
【2023年2月19日】2022深圳马拉松,03:46:26,https://www.bilibili.com/video/BV1gY411v7QG/
马拉松四小时连续撤离，1000战备打到5000,03:46:30,https://www.bilibili.com/video/BV1jMAqzWEUC/
第一视角完赛记录-2024荣成滨海马拉松,03:46:43,https://www.bilibili.com/video/BV1BH4y1N7uW/
2025南京溧水半程马拉松全程直播回放,03:48:50,https://www.bilibili.com/video/BV1k1QBY7EnA/
【直播回放】水管工不打领带，就如同胖达不打粪游 品鉴冷门怪奇主机3DO#2 2025-03-15,03:50:26,https://www.bilibili.com/video/BV1vuZNYsEsY/
2025兰州马拉松全程记录349完赛,03:51:19,https://www.bilibili.com/video/BV1d9j5z8EQd/
2017宜昌国际马拉松全程直播,03:55:12,https://www.bilibili.com/video/BV1Ex411j7jB/
【放送文化】《2022上海马拉松》完整版（起点外滩金牛广场）（2022年11月27日五星体育直播版）,03:55:13,https://www.bilibili.com/video/BV1RP411u7C5/
【直播回放】2025杭州马拉松完整版（赛道起点为黄龙体育中心）（2025年11月2日）（浙江杭州）,03:56:11,https://www.bilibili.com/video/BV1AfyRBqEPp/
真正属于自己的马拉松——2024兰州马拉松全程记录358完赛532配速,03:56:34,https://www.bilibili.com/video/BV1q4421X7yf/
第一视角完赛——2023兰州马拉松（4小时原片无处理）,03:56:38,https://www.bilibili.com/video/BV1Fu411a7GL/
【正片】李想×罗永浩！四小时马拉松访谈！李想首度公开讲述25年创业之路,03:57:16,https://www.bilibili.com/video/BV1FwY4zkEef/
2025重庆马拉松纯享版,03:59:34,https://www.bilibili.com/video/BV1mEQaYrEdD/
【4小时】学院派天梯赛🏆｜学长学姐领跑局｜马拉松级专注力｜非诚勿扰,04:00:20,https://www.bilibili.com/video/BV1rNftBfEFo/
2024兰州马拉松,04:00:58,https://www.bilibili.com/video/BV1r8gsedE7t/
快打旋风lns小圆子版4.3新模式白死神全关卡全人物马拉松测试,04:01:10,https://www.bilibili.com/video/BV1wEi5BPEQ9/
【松子老师/直播回放】2025.3.22 晚 馬拉松子！,04:02:23,https://www.bilibili.com/video/BV1C6XYYuEAL/
2025贵阳马拉松,04:02:42,https://www.bilibili.com/video/BV1BCgUzCELc/
大全集长达四小时！乐高实验马拉松~,04:03:36,https://www.bilibili.com/video/BV1RXN8e2EGV/
【2023年2月26日】2023重庆铜梁龙马拉松,04:07:11,https://www.bilibili.com/video/BV1n54y1g72v/
2023年东楚汕头马拉松现场直播比赛全程,04:07:19,https://www.bilibili.com/video/BV1LG411z7zb/
2025全日本实业团半程马拉松+大阪马拉松,04:07:46,https://www.bilibili.com/video/BV1JeHDzUEzU/
孝三孝三 直播回放 【孝三】马拉松商人全满 2026年03月01日23点场,04:08:08,https://www.bilibili.com/video/BV1UsP3zzEsS/
2023大连马拉松（2023年10月15日）,04:08:22,https://www.bilibili.com/video/BV1Yp4y1u7nW/
【直播回放】2022建德17℃新安江马拉松回放（杭州电视台综合频道媒体直播）（2022年11月6日）,04:08:22,https://www.bilibili.com/video/BV1p14y1V717/
岳阳楼杯2024岳阳马拉松暨全国半程马拉松锦标赛（第三站）直播回放,04:08:37,https://www.bilibili.com/video/BV16A4m1c7Ce/
2019大理国际马拉松全程直播回顾,04:09:08,https://www.bilibili.com/video/BV1r4411j7js/
【Mr.Quin】2026年2月28日《失落星船：马拉松》服务器压力测试 弹幕录像,04:10:56,https://www.bilibili.com/video/BV1tNABz5Esf/
影廊2——修罗腐花马拉松试玩,04:11:07,https://www.bilibili.com/video/BV1S1421B7pp/
安徽六安2023舒城环万佛湖马拉松全程看（正片从1小时36秒开始观看）,04:11:40,https://www.bilibili.com/video/BV1J94y1L7HH/
【固液】2025-4-22去无声 失落摄像：马拉松,04:15:48,https://www.bilibili.com/video/BV16FL4zwE5b/
[我Geebar谁啊/直播录播]-20260227-先无所事事一会儿，然后马拉松,04:16:15,https://www.bilibili.com/video/BV1hcASz2EbX/
【中字】马拉松游戏实况以及感受,04:17:35,https://www.bilibili.com/video/BV1FYGmzJESh/
东方project三分之一马拉松！（海鲜堂同人篇）,04:18:59,https://www.bilibili.com/video/BV1P2LGzeESt/
【特别节目】奥斯卡提名者访谈马拉松 2026 VF,04:19:33,https://www.bilibili.com/video/BV1irPzzaEAD/
河南2024郑开马拉松全程看（正片从36分33秒开始观看）,04:19:54,https://www.bilibili.com/video/BV1H1421D7RU/
2021黄河口(东营)马拉松 直播回放,04:20:31,https://www.bilibili.com/video/BV1RF411Y7wS/
180步频跑步音乐4H版1（关注我，主页有合集）,04:21:39,https://www.bilibili.com/video/BV1hBPkzwEma/
秦皇岛2023马拉松264分钟双机位网络直播全程看（正片从28分40秒开始观看 之前为宣传时段）,04:23:36,https://www.bilibili.com/video/BV1Vo4y1F76e/
2026重庆马拉松 王超解说,04:24:09,https://www.bilibili.com/video/BV1hTPDzsEy2/
里昂/克莱尔首秀 近30年人气游戏角色的青涩（方块）面孔 | 生化全系列马拉松,04:27:21,https://www.bilibili.com/video/BV1SxzoBuEuz/
河南信阳2023马拉松全程看（正片从59分10秒开始观看）,04:29:54,https://www.bilibili.com/video/BV17M411Z7AD/
風和日麗·2024仙桃马拉松直播录像,04:31:59,https://www.bilibili.com/video/BV1tB4be9E4n/
这货真的是男孩子~尬歌練舞 直播馬拉松~(⊙ˍ⊙) 2017-10-17,04:32:38,https://www.bilibili.com/video/BV1Kx411M7TW/
【quin录播】 2026-03-01 失落星船：马拉松 + 生化危机9,04:33:08,https://www.bilibili.com/video/BV1z6P3zbEQe/
辽宁葫芦岛2023马拉松网络直播全程看（2023年6月18日 辽宁葫芦岛体育中心 正片从36分41秒开始 之前为宣传时段）,04:33:17,https://www.bilibili.com/video/BV1514y1U7Nf/
185步频跑步音乐马拉松时长版2（关注、点赞、收藏后续持续更新）,04:34:45,https://www.bilibili.com/video/BV1BdtazGEz4/
【合集】[跑步音乐-步频180 BPM]马拉松长跑中文歌曲电台，畅跑缤纷四季，随你贴地飞行,04:35:29,https://www.bilibili.com/video/BV1n541127uV/
【超特急】Ryoga&amp;Yuki直播游戏Chained Together 4小时马拉松withTo-i ハイドアウト404 20250214,04:35:43,https://www.bilibili.com/video/BV1cCKKe8EJ1/
20240223蒲熠星直播录屏晚场（吃播聊天+APEX+PUBG),04:36:41,https://www.bilibili.com/video/BV1yt42187eo/
【なかのひとし】直播回放：音乐游戏马拉松（2025年11月22日）,04:36:58,https://www.bilibili.com/video/BV1BdUnBLEz4/
2024柳州马拉松暨警察马拉松,04:37:03,https://www.bilibili.com/video/BV1VA4m1N7Zb/
【Mr.Quin】2026年3月1日《失落星船：马拉松》服务器压力测试 +《生化危机9：安魂曲》弹幕录像,04:38:23,https://www.bilibili.com/video/BV1rnPGzwEB6/
【quin录播】 2026-03-08 失落星船：马拉松 + 杀戮尖塔2,04:39:44,https://www.bilibili.com/video/BV1hkNuzVEvX/
2025太原马拉松赛,04:40:20,https://www.bilibili.com/video/BV1854bzSE77/
【马拉松】技术测试 - 2025.10.23,04:41:05,https://www.bilibili.com/video/BV15RcizLEda/
【Mr.Quin】2026年3月8日《失落星船：马拉松》+《Slay the Spire 2 / 杀戮尖塔2》弹幕录像,04:41:27,https://www.bilibili.com/video/BV1RcNVzoEdN/
"【12月20日B站官号无/去无声】Neuro生日变胖,联动Mini玩MC特别直播 马拉松直播第1天 2:28:48 开始玩游戏 机翻未校对",04:41:29,https://www.bilibili.com/video/BV1H2k2YjEXt/
录播/黑之951｜260306 跟雷岁170玩玩马拉松,04:42:42,https://www.bilibili.com/video/BV1eGPpz7Eoi/
录播/黑之951｜260306 跟雷岁170玩玩马拉松｜弹幕版,04:42:42,https://www.bilibili.com/video/BV1EAPpzsEY1/
【12月20日/去无声】Neuro三周年马拉松直播 DAY1,04:45:36,https://www.bilibili.com/video/BV1e1qBBdEqW/
"(生肉)【Badboyhalo】十小时直播马拉松 Pt.1(ft.Georgenotfound,Dream等)(完全录播)",04:46:06,https://www.bilibili.com/video/BV1db4y16782/
【炽翎氷宇/马拉松】《影廊2》脚镣腐花马拉松全程直播不重开三命之烛通关世界第一,04:46:07,https://www.bilibili.com/video/BV1tZ42177f3/
20170429梅西耶马拉松直播录像,04:46:37,https://www.bilibili.com/video/BV1cx411m7Yg/
【失落星船：马拉松】手残up主的公测初体验_260227凌晨,04:46:38,https://www.bilibili.com/video/BV1F7A1zJEFw/
【炽翎氷宇/脚镣腐花马拉松】《影廊2》脚镣腐花马拉松通关,04:48:28,https://www.bilibili.com/video/BV1YD421p7dE/
【全场回顾】2024年巴黎奥运会女子马拉松决赛 西凡·哈桑夺冠,04:50:52,https://www.bilibili.com/video/BV1NbSnBZEDk/
第一视角温州马拉松2023越跑越饱完整版,04:53:12,https://www.bilibili.com/video/BV1Tv4y1j7a6/
2024青岛马拉松——第一视角完赛记录,04:54:13,https://www.bilibili.com/video/BV1xE421j7Ta/
[ic直播回放]萌新主播被迫马拉松硬过ab（一面加两刺）,04:54:55,https://www.bilibili.com/video/BV1PHkxBpE26/
2022 勃朗峰马拉松直播录像 LIVE GTWS MARATHON DU MONT-BLANC 2022,04:54:56,https://www.bilibili.com/video/BV1x94y1171E/
【瓶子录播/游戏实况合集】试玩失落星船马拉松,04:55:52,https://www.bilibili.com/video/BV1bmAbz9EzV/
【国民老岳父公】 黑粉大型虐碳现场 ☺︎ 姐妹们冲呀 欢乐水友局（丧尸围城马拉松 | 枪战鞭炮拜早年 | 平底锅敲碳脑阔）老安/脸爹/白菜,04:57:32,https://www.bilibili.com/video/BV1hs411u7dq/
2023南京马拉松——第一视角完赛记录,04:59:05,https://www.bilibili.com/video/BV1aw411H7Lw/
第一人称沉浸式跑马：2024北京马拉松五小时完赛全记录,04:59:18,https://www.bilibili.com/video/BV1VVDzYNENZ/
2024南京马拉松——第一视角完赛记录,05:01:59,https://www.bilibili.com/video/BV1eVqFYRE3E/
【quin录播】 2026-03-07 失落星船：马拉松 + 杀戮尖塔2,05:04:10,https://www.bilibili.com/video/BV1fqNwzYEPj/
刘航De × 小狗屁屁 | 2024-11-20 | 马拉松式直播 &amp; 辩论赛式情感沟通 | 纯净版,05:04:18,https://www.bilibili.com/video/BV1L6UCYLEz9/
风一样的坑爹哥2026.3.1 逆战未来+失落星船马拉松+三角洲行动,05:09:06,https://www.bilibili.com/video/BV19gPuz3E2c/
第一视角记录完赛过程-2023天津马拉松,05:11:15,https://www.bilibili.com/video/BV1FN411x7o1/
【蓝光超清4K音乐会】藤田真央 2021 莫扎特马拉松钢奏全集 Mao Fujita Verbier Festival Mozart,05:14:27,https://www.bilibili.com/video/BV1Rh411c7hL/
《马拉松2:杜兰德尔(Marathon 2: Durandal》(1995)通关视频,05:15:18,https://www.bilibili.com/video/BV1QY4QexEeD/
全明星感恩祭23春★3年半复活！赤坂迷你马拉松&amp;豪华演员参战SP 4-8,05:27:00,https://www.bilibili.com/video/BV1pN411P7eV/
2025兰州马拉松——第一视角完赛记录,05:29:35,https://www.bilibili.com/video/BV1JP7XzGEJk/
恶灵古堡圣女密码！RE代号维罗妮卡X | 生化全系列马拉松,05:32:21,https://www.bilibili.com/video/BV18eFVzqEPP/
《全境封锁2》单人逃出生天31循环 纯游戏原声 全程5个半小时的马拉松,05:34:10,https://www.bilibili.com/video/BV1tTyRBGE6H/
"(生肉)【Badboyhalo】十小时直播马拉松 Pt.2(ft.Georgenotfound,Dream等)(完全录播)",05:40:26,https://www.bilibili.com/video/BV1B54y1J7FR/
【VR歌回|Cerbathon day 49】【熟肉|Cerber 2025-08-11 直播回放|机翻】⭐ VR KARAOKE CONCERT ⭐,05:40:50,https://www.bilibili.com/video/BV1ECbazLEQV/
【1月11日/去无声】Neuro完结三周年马拉松直播 DAY23,05:42:10,https://www.bilibili.com/video/BV18U6RBzEof/
【直播回放】【Vedal和Neuro-sama】直播马拉松 Day4 2024年12月24日22点58分,05:43:18,https://www.bilibili.com/video/BV19kkfYqE2b/
奖励关回家看看 RE4重制 | 生化全系列马拉松,05:43:45,https://www.bilibili.com/video/BV1WKFszxESE/
MC＋失落星船马拉松＋ow【KL_qiqi_】玩新的搜打撤~ 2026年03月06日18点26分,05:44:17,https://www.bilibili.com/video/BV1f7PbzMEzF/
鳴潮2.7「暗潮將映的黎明」潮汐任務 連休三天馬拉松直播 #wutheringwaves #萌萌小麥,05:48:26,https://www.bilibili.com/video/BV1Unx1zdEcM/
【老李船长】直播回放 2026.3.6「全新搜打撤射击游戏！｜以小博大｜失落星船 马拉松」,05:51:13,https://www.bilibili.com/video/BV1b6PhzcERe/
【Vedal和Neuro-sama】2024年12月24日-直播马拉松 Day4,05:52:01,https://www.bilibili.com/video/BV1EGkZYuEUk/
秘密的偶像公主 第52集至第64集 完整版（中文字幕）（動漫馬拉松）,05:53:49,https://www.bilibili.com/video/BV1B83AzSENm/
[战锤40K] 战!战!战! 战到没棋为止! 泰伦VS帝国 五周年马拉松直播 PT.2(Play On Tabletop),05:55:38,https://www.bilibili.com/video/BV12oUnYNESN/
《马拉松：无限(Marathon:Infinity》(2012)IOS版通关视频,05:58:40,https://www.bilibili.com/video/BV1C9sre5EzZ/
【绘画直播】十万粉丝6小时马拉松直播 from Chris Piascik,05:58:54,https://www.bilibili.com/video/BV14tPWe2E5M/
[战锤40K] 战!战!战! 战到没棋为止! 泰伦VS帝国  五周年马拉松直播 PT.1(Play On Tabletop),05:59:23,https://www.bilibili.com/video/BV1qUUBYeEyW/
【表哥录播(4K弹幕版) 2026.03.09】《竞拍之王》《失落新船：马拉松》老表：健康生活，活！,05:59:39,https://www.bilibili.com/video/BV1C1PSzzEhw/
【Vedal和Neuro-sama】2025年01月12日-直播马拉松Day 20,06:04:40,https://www.bilibili.com/video/BV14dcMehEzk/
【特别搬运】2024天津马拉松《体坛新视野》融媒体6小时大型直播（2024年10月20日5:00-11:00）,06:09:37,https://www.bilibili.com/video/BV1xHSSY1Ean/
【石凯|kb呆又呆】20250208直播连麦马拉松效果拉满|《赢一把就睡觉》《今日说法》《1-16战绩可查》,06:09:57,https://www.bilibili.com/video/BV1BrNTedEys/
【Neuro/Evil直播录像】2025 NEURO 生日马拉松,06:15:55,https://www.bilibili.com/video/BV1KBqqBkEz4/
[生肉/anny] anny生日马拉松day 2 (part 1) anny玩《迷失 Stray》,06:21:13,https://www.bilibili.com/video/BV19awheuEW8/
"【12月20日B站官号无/完整】Neuro生日变胖,联动Mini玩MC特别直播 马拉松直播第1天 3:12:10 开始玩游戏 机翻未校对",06:24:30,https://www.bilibili.com/video/BV1aYkDYrEkw/
6小时30分钟 步频180bpm长跑马拉松专用跑步音乐_水边主题,06:28:24,https://www.bilibili.com/video/BV17G4y1m7Fo/
20250419 2025北京亦庄半程马拉松暨人形机器人半程马拉松,06:30:59,https://www.bilibili.com/video/BV1kc5szfEXj/
【直播回放】江铃大道·2023南昌马拉松（媒体直播）（南昌广播电视台）（2023年11月12日上午）,06:32:12,https://www.bilibili.com/video/BV18c411X7gv/
哈尔滨2023马拉松373分钟网络直播全程看（正片从29分29秒开始）,06:33:13,https://www.bilibili.com/video/BV14p4y1N73y/
【沉浸式坐牢】6.5小时 Abaqus 安装马拉松,06:34:18,https://www.bilibili.com/video/BV1t2c2zhEkX/
【12月9日/去无声】Neuro通关我的世界马拉松直播 13:13开玩 DAY4,06:44:17,https://www.bilibili.com/video/BV16Wm8BNEtJ/
【牛彦莲】国际纵队索尼新游失落星船马拉松联动 2.27,06:44:38,https://www.bilibili.com/video/BV1H2AXzkEQi/
【HCL 12.4】24小时高额马拉松继续(后14小时之上集),06:47:00,https://www.bilibili.com/video/BV19g4y1f7Js/
时隔十多年的RE5专家 与壹浣一的共演 | 生化全系列马拉松,06:48:27,https://www.bilibili.com/video/BV1adcpzTECt/
【机翻回放/Shoto】腐蚀Rust 马拉松Day1后半,06:48:57,https://www.bilibili.com/video/BV1AACJBNEBn/
【不予播出 DLC剧情流程-中文配音】惊悚直播秀+生活点滴+时间循环,06:52:21,https://www.bilibili.com/video/BV1UfpqeqEgX/
又大又吓人的海鲜瑞秋 生化启示录地狱 | 生化系列马拉松,06:54:07,https://www.bilibili.com/video/BV1sgcczbEJy/
【泰蕾莎Channel】直播录制-[马拉松！]-2026年02月26日22点35分-870004,06:56:53,https://www.bilibili.com/video/BV1CmA1zZEqD/
【VR歌回|Cerbathon day 20】【熟肉|Cerber 2025-07-05 直播回放|机翻】⭐ VR KARAOKE &gt;w&lt; ⭐,06:58:55,https://www.bilibili.com/video/BV13QGwzzEwx/
【东方Project马拉松】假如你不推把不疮痍一次性通关所有Windows整数作Lunatic难度,06:59:17,https://www.bilibili.com/video/BV1GpvRBfEb2/
[小白鸽WhiteDove/直播回放(弹幕版)] 2026年03月10日 x3：马拉松熟练工,06:59:42,https://www.bilibili.com/video/BV16TPfz4Eqc/
风靡游戏界的分头 出任务手枪刀就够 RE4 | 生化全系列马拉松,06:59:52,https://www.bilibili.com/video/BV1VHFazbEJ5/
【文明6】大哥伦比亚真实极大地球开拓者马拉松463回合统治胜利,07:00:48,https://www.bilibili.com/video/BV1sPraBNE1b/
东方整数作马拉松！,07:03:05,https://www.bilibili.com/video/BV1eiZ8BpEmj/
【剿匪6】始皇马拉松文化胜利第一回（难得刷了个好开局，但蛮子也太多了吧）,07:06:07,https://www.bilibili.com/video/BV1mt411x7Cb/
【直播回放】我的世界极限马拉松！ 2025年12月09日03点场,07:07:12,https://www.bilibili.com/video/BV1fD2SBsEYx/
【马拉松】技术测试 - 2025.10.24,07:13:43,https://www.bilibili.com/video/BV11McGzbEem/
达子解说 | 2024上海马拉松（全场回放）,07:14:12,https://www.bilibili.com/video/BV1Zi6AYjEAm/
【松子老师/直播回放】2025.3.23下午 在綫馬拉松！,07:24:05,https://www.bilibili.com/video/BV1GKo6YnEf1/
一个人的K歌马拉松（KTV全日语歌8小时完整直播回放）,07:24:55,https://www.bilibili.com/video/BV1MXZnBDEM9/
全长30多小时，还没更新完Orz ▼24小时TV 45-P1▼时隔五年的马拉松 (D04) [2022.08.27 1830 土]_HD_D20,07:25:50,https://www.bilibili.com/video/BV1yP41157eX/
威斯卡计划唯一幸存者？系列剧情大坑 启示录2 | 生化全系列马拉松,07:29:07,https://www.bilibili.com/video/BV1pjZjBfEYn/
【李宇春】2007三生有幸马拉松演唱会,07:32:29,https://www.bilibili.com/video/BV1ss411z7bF/
【傲慢的小肉包2026.02.27录播】先玩玩马拉松 12点生化9,07:33:51,https://www.bilibili.com/video/BV1yXAmzAEa4/
【APEX/咕咕】03-06  gusenpaiZ  马拉松老资历,07:34:09,https://www.bilibili.com/video/BV155Pez2E9P/
【12月28日B站官号无/去无声】Neuro直播马拉松 Day9 17:20玩游戏,07:35:49,https://www.bilibili.com/video/BV1w1r7YhE1k/
【12月23日B站官号无/去无声】Neuro直播马拉松 Day4 2:32:11 法庭回归 机翻未校对,07:36:12,https://www.bilibili.com/video/BV1C1CaYyEXd/
【直播录像】【奶茶☆】260228（无畏契约、喵喵的结合、看视频、失落星船：马拉松）（直播弹幕SC内压）,07:40:20,https://www.bilibili.com/video/BV1SGAhzxEPx/
【空洞骑士回|Cerbathon day 42】【熟肉|Cerber 2025-08-02直播回放|机翻】🐕 &lt;- full of sludge ⭐,07:41:14,https://www.bilibili.com/video/BV1cfh3zhEbK/
Vide Code实战：8小时马拉松！顶级AI开发者现场演示,07:44:22,https://www.bilibili.com/video/BV1Sef8BmEU3/
【黎明杀机|The Classrooms回|Cerbathon day 9】【熟肉|Cerber 2025-06-21 直播回放|机翻】MAXIMUM WAN,07:45:44,https://www.bilibili.com/video/BV1S3NRzwEaG/
【弹幕版】老实人sask直播回放12月29日:马拉松,07:46:06,https://www.bilibili.com/video/BV1jJvsBJECA/
【中世纪公主回|Cerbathon day 64】【熟肉|Cerber 2025-09-14 直播回放|机翻】⚔️🏰 MEDIEVAL STREAM 🏰⚔️,07:48:25,https://www.bilibili.com/video/BV1bmnPzbEc5/
【1月1日B站官号无/去无声】Neuro初玩底特律变人3:54:38 Neuro直播马拉松 Day13,07:49:35,https://www.bilibili.com/video/BV1e4rkYSEci/
【半条命Alyx|歌回|Cerbathon day 16】【熟肉|Cerber 2025-06-30 直播回放|机翻】HEADCRAB PETTING ZOO,07:51:18,https://www.bilibili.com/video/BV1D73pzbEjx/
【氷宇/腐花马拉松】《影廊2》无卡牌咖啡腐花马拉松失败集锦,07:52:58,https://www.bilibili.com/video/BV1qoRLYHEnH/
2023奔跑吧光谷马拉松 20231028,07:54:14,https://www.bilibili.com/video/BV16g4y1d7ra/
【1月6日/去无声】Neuro初次长途旅行2:39:02直播马拉松 Day18,07:57:12,https://www.bilibili.com/video/BV1Y9wne5EfB/
【Neuro/Evil直播录像】机翻 2025 NEURO 生日马拉松 第十六天,07:57:52,https://www.bilibili.com/video/BV1xRijB7EAM/
【直播回放】MC极限马拉松! 2025年12月08日04点场,07:58:25,https://www.bilibili.com/video/BV1hQ2rBQEeX/
【Crelly/直播回放】（直播马拉松第100天庆典）眼球追踪挑战+不要笑挑战,08:00:01,https://www.bilibili.com/video/BV1QkxtzmEZG/
【1月2日/去无声】Neuro和Ellie3D回三周年马拉松直播 DAY14 3:46:20开始,08:00:19,https://www.bilibili.com/video/BV1pMvfBRESv/
【12月22日B站官号无/去无声】Neuro直播马拉松 Day3 3:57:11 线下购物和Toemuh 机翻未校对,08:02:47,https://www.bilibili.com/video/BV17Kk9YoETv/
当李柏成为人类极限强者！ 当李柏站在奥林匹克之巅！ 当李柏不断打破世界纪录！ 当李柏风靡,08:02:54,https://www.bilibili.com/video/BV1krjZztEDc/
【洞穴爬行者回|Cerbathon day 52】【熟肉|Cerber 2025-08-15 直播回放|机翻】dawg vs horrors beyond...,08:04:07,https://www.bilibili.com/video/BV18yYqz9Ehh/
【直播】2026重庆马拉松,08:04:09,https://www.bilibili.com/video/BV1DSkWBsE2a/
【12月29日/去无声】Neuro2077完结新闻三周年马拉松直播 DAY10 43:30开始,08:06:19,https://www.bilibili.com/video/BV1BzvxBsEy7/
【12月23日/去无声】Neuro双子玩2077三周年马拉松直播 DAY4 2:04:12开玩,08:14:52,https://www.bilibili.com/video/BV1WEB7BmEMh/
明日方舟：終末地part3 12小時馬拉松直播 #萌萌小麥 #Arknights: Endfield,08:15:05,https://www.bilibili.com/video/BV1wK6GBuE3w/
【12月22日/去无声】Neuro双子玩2077三周年马拉松直播 DAY3 2:19:02开玩,08:18:26,https://www.bilibili.com/video/BV1q1BxBwE9R/
【Crelly/直播回放】（马拉松第69天）Crelly和“后街女孩们”的约会回,08:18:51,https://www.bilibili.com/video/BV1DQxuzfEuY/
魔理沙也能玩的东方project马拉松！,08:20:43,https://www.bilibili.com/video/BV1JkjczhEX7/
【醉酒回|Cerbathon day 53】【熟肉|Cerber 2025-08-16 直播回放|机翻】I&#x27;m done drinking for good!,08:22:56,https://www.bilibili.com/video/BV1ZoYJzDERb/
【1月10日/去无声】Neuro直播马拉松 Day21 继续长途旅行3:21:27,08:23:51,https://www.bilibili.com/video/BV1srfbYyEnw/
【1月3日/去无声】Evil Neuro塔罗牌三周年马拉松直播 DAY15 19:26开始,08:25:54,https://www.bilibili.com/video/BV1cdiYBDEsH/
S4 Marathon 20260310,08:27:40,https://www.bilibili.com/video/BV1WjwFzbE9W/
【Roblox回|Cerbathon day 18】【熟肉|Cerber 2025-07-02 直播回放|机翻】hot dawg MELTS live!,08:28:08,https://www.bilibili.com/video/BV1AzGHzJEzz/
【12月31日/去无声】Neuro钓鱼三周年马拉松直播 DAY12 16:12开始,08:30:50,https://www.bilibili.com/video/BV1HGigBQExy/
【彬准reaction9】偶像人间剧场马拉松（更至p15“xxx请别再露了!!”TXT毫无顾忌的问候评价时间&amp;幕后故事,08:32:19,https://www.bilibili.com/video/BV1TnZiBZESL/
S4 Deadlock Marathon 20260311,08:32:39,https://www.bilibili.com/video/BV1mhcBzzEUN/
【Crelly/熟】酒驾回，直播马拉松第91天 8小时全回放,08:35:01,https://www.bilibili.com/video/BV1y7sYzjEHh/
【12月28日/去无声】Neuro3D歌三周年马拉松直播 DAY9 18:53开始,08:35:08,https://www.bilibili.com/video/BV1dgvrB8Ek7/
【MC社会实验回|Cerbathon day 61】【熟肉|Cerber 2025-09-11 直播回放|机翻】dawg full of love &gt;w&lt; 💜,08:37:29,https://www.bilibili.com/video/BV1NupqzpEWo/
【1月9日/去无声】Neuro初次玩涂鸦冒险家3:13:43 Neuro直播马拉松 Day20,08:37:37,https://www.bilibili.com/video/BV1FjwbekEHK/
【Roblox|歌回|Cerbathon day 7】【熟肉|Cerber 2025-06-19 直播回放|机翻】it&#x27;s wansday my dawg⭐,08:38:41,https://www.bilibili.com/video/BV1EbKKzJEZ4/
【ASMR回|Cerbathon day 55】【熟肉|Cerber 2025-08-18 直播回放|机翻】ASMR comfy time w/ 3DIO,08:39:38,https://www.bilibili.com/video/BV1qBePzkENH/
【螃蟹评测|观&#x27;厨房噩梦&#x27;回|Cerbathon day 31】【熟肉|Cerber 2025-07-19 直播回放|机翻】facing my fears.🦀,08:41:43,https://www.bilibili.com/video/BV1UdgYzJEAX/
【1月1日/去无声】Neuro过新年三周年马拉松直播 DAY13 P二18:39开始,08:42:03,https://www.bilibili.com/video/BV1v5iLBREVU/
【Neuro/Evil直播录像】机翻 2025 NEURO 生日马拉松 第十四天,08:43:07,https://www.bilibili.com/video/BV1CWvZBREcZ/
【直播录像】【奶茶☆】260227（勇者小队全灭了、喵喵的结合、失落星船：马拉松）（直播弹幕SC内压）,08:45:09,https://www.bilibili.com/video/BV1hkASzUEzH/
【12月25日/去无声】Evil Neuro钓鱼三周年马拉松直播 DAY6 24:04开玩,08:49:48,https://www.bilibili.com/video/BV1MXBQBpEgA/
【12月21日B站官号无/完整】Neuro直播马拉松 Day2 3:23:14 开始玩游戏,08:50:06,https://www.bilibili.com/video/BV17gkYYeEKA/
【12月8日/去无声】Neuro我的世界马拉松直播 17:45开玩 DAY3,08:53:40,https://www.bilibili.com/video/BV1ZvmpBCEWK/
【12月30日/去无声】Neuro3D新闻三周年马拉松直播 DAY11 24:16开始,08:55:55,https://www.bilibili.com/video/BV1QgvvBKEcp/
【1月4日/去无声】Neuro双子玩我的世界三周年马拉松直播 DAY16 21:53开始,08:56:38,https://www.bilibili.com/video/BV1TLiEBQEgk/
【12月21日/去无声】Neuro新衣服玩2077三周年马拉松直播 DAY2 1:43:42开玩,08:56:55,https://www.bilibili.com/video/BV1TFBpBKEE1/
【C&amp;M|双人成行回|Cerbathon day 48】【熟肉|Cerber 2025-08-09 直播回放|机翻】IT TAKES TWO wan.. wan,08:57:25,https://www.bilibili.com/video/BV177tRzqEXb/
【MC配音回|Cerbathon day 26】【熟肉|Cerber 2025-07-13 直播回放|机翻】dub mc with just my voice,09:01:14,https://www.bilibili.com/video/BV1HEunzPE8b/
【1月7日/去无声】Neuro3D三周年马拉松直播 DAY19 20:10开始3D,09:04:24,https://www.bilibili.com/video/BV1MAi2BeEtj/
【1月6日/去无声】Neuro三周年马拉松直播 DAY18,09:11:09,https://www.bilibili.com/video/BV1U3qwBVEh3/
【直播回放】MC极限马拉松! 2025年12月07日18点场,09:14:24,https://www.bilibili.com/video/BV1qHmNB8EKb/
S4 Marathon 20260309,09:16:17,https://www.bilibili.com/video/BV175cQzZEGk/
【空洞骑士回|Cerbathon day 41】【熟肉|Cerber 2025-08-01 直播回放|机翻】wan pleaseburger cheese...,09:20:09,https://www.bilibili.com/video/BV1NqhNzHEom/
【Evil&amp;Cerber|传说之下|Cerbathon day 10】【熟肉|Cerber 2025-06-22 直播回放|机翻】evil collab ！⭐,09:24:44,https://www.bilibili.com/video/BV1GxKDzFEp4/
【12月31日B站官号无/完整】Neuro直播马拉松 Day12 6:14:40Evil购物,09:28:44,https://www.bilibili.com/video/BV1XLroYWE3E/
【FGO生放送】《FGO Fes. 2025》10週年口譯馬拉松 Day 1 by Naya,09:31:58,https://www.bilibili.com/video/BV1eWh8zTEVj/
【Neuro/Evil直播录像】机翻 2025 NEURO 生日马拉松 第十五天,09:32:33,https://www.bilibili.com/video/BV1ZAiiBXEGu/
【Vedal和Neuro-sama】2025年01月16日-直播马拉松Day 24,09:33:00,https://www.bilibili.com/video/BV1Qfwue3Ei1/
东方project马拉松！,09:33:17,https://www.bilibili.com/video/BV1Y85bzxE5J/
【夜间警备|空洞骑士回|Cerbathon day 44】【熟肉|Cerber 2025-08-04 直播回放|机翻】comfy sunday with yo,09:33:43,https://www.bilibili.com/video/BV1uYtnzbEQL/
【Neuro/Evil直播录像】机翻 2025 NEURO 生日马拉松 第十一天,09:36:34,https://www.bilibili.com/video/BV1WVvhBmE1Y/
【黎明杀机|Jump King|Cerbathon day 6】【熟肉|Cerber 2025-06-18 直播回放|机翻】dawg full of love,09:37:47,https://www.bilibili.com/video/BV19xNZzEEhv/
小宇热游的直播录像弹幕版2026-03-07【鎮邪Ⅱ大老道法师学会了雷法完成勇闯将军墓+失控航船 马拉松+生化危机4艾达王篇】,09:38:42,https://www.bilibili.com/video/BV1aeNNzAEjP/
【ultrakill回|Cerbathon day 51】【熟肉|Cerber 2025-08-13 直播回放|机翻】hardcore gaming dawg,09:40:28,https://www.bilibili.com/video/BV18Qbqz5EyT/
【空洞骑士回|Cerbathon day 67】【熟肉|Cerber 2025-09-18 直播回放|机翻】full to the brim of red 40,09:45:29,https://www.bilibili.com/video/BV1vBpXz2Eus/
【12月24日B站官号缺/去无声】Neuro直播马拉松 Day5 5:01:23 玩VR 机翻未校对,09:53:03,https://www.bilibili.com/video/BV1DJ6DYYELP/
【FGO生放送】《FGO Fes. 2025》10週年口譯馬拉松 Day 2 by Naya,09:54:30,https://www.bilibili.com/video/BV1C5hVzuEgE/
【三角符文回|Cerbathon day 40】【熟肉|Cerber 2025-07-30 直播回放|机翻】happy dawg &gt;w&lt; come say he,09:58:13,https://www.bilibili.com/video/BV1Y3hHzVE48/
20251209-MC极限马拉松!+开发者直播！,09:59:38,https://www.bilibili.com/video/BV1fb2UBSEdN/
【Neuro录播】马拉松直播 1月16日 完结撒花,09:59:56,https://www.bilibili.com/video/BV19nwVe9EbN/
【Q&amp;A回|Cerbathon day 47】【熟肉|Cerber 2025-08-08 直播回放|机翻】answering your questions &gt;w,10:00:42,https://www.bilibili.com/video/BV1u3b5zVEL1/
【Ultrakill回|Cerbathon day 33】【熟肉|Cerber 2025-07-21 直播回放|机翻】yeah... I&#x27;m a gamer🐶,10:01:30,https://www.bilibili.com/video/BV14jgHz7EiJ/
【FNAF: 模仿者之谜回|Cerbathon day 3】【熟肉|Cerber 2025-06-14 直播回放|机翻】played the mimic ⭐ ！,10:06:01,https://www.bilibili.com/video/BV1q5MhzXE8h/
【Neuro/Evil直播录像】机翻 2025 NEURO 生日马拉松 第十八天,10:08:29,https://www.bilibili.com/video/BV1U2qFBrEcG/
【Cerbathon day 1】【熟肉|Cerber 2025-06-12 直播回放|机翻】CERBATHON DAY 1 ⭐,10:12:07,https://www.bilibili.com/video/BV1FdMczVEtF/
【赛博朋克2077回|Cerbathon day 17】【熟肉|Cerber 2025-07-01 直播回放|机翻】dawg happy to see u!!!,10:12:15,https://www.bilibili.com/video/BV14Q32zWEfX/
【FAITH/信仰:邪恶三相回|Cerbathon day 24】【熟肉|Cerber 2025-07-09 直播回放|机翻】big dawg is in...,10:13:04,https://www.bilibili.com/video/BV1ugG3zbEnq/
【星际拓荒回|Cerbathon day 56】【熟肉|Cerber 2025-08-20 直播回放|机翻】beat outerwilds befo vedal,10:13:56,https://www.bilibili.com/video/BV1HTYQzLEW6/
【FNAF 创造的乐趣：故事模式|歌回|Cerbathon day 30】【熟肉|Cerber 2025-07-18 直播回放|机翻】dawg + peetza,10:14:03,https://www.bilibili.com/video/BV1PSgVzXEhP/
【Cerbathon day 2】【熟肉|Cerber 2025-06-13 直播回放|机翻】LETSGOOO ⭐ CERBATHON DAY 2 💜🦴 !,10:14:21,https://www.bilibili.com/video/BV1ajMmzxE4p/
【歌回|Cerbathon day 46】【熟肉|Cerber 2025-08-07 直播回放|机翻】let&#x27;s relax together &gt;w&lt; ⭐,10:16:01,https://www.bilibili.com/video/BV1pStRz1EsW/
【觉醒深渊|歌回|Cerbathon day 62】【熟肉|Cerber 2025-09-12 直播回放|机翻】indie horror YIPPEE &gt;w&lt;,10:17:57,https://www.bilibili.com/video/BV19fnjzzEX6/
【FNAF: 模仿者之谜|Cerbathon day 4】【熟肉|Cerber 2025-06-15 直播回放|机翻】silliest dawg in hell,10:18:15,https://www.bilibili.com/video/BV1mxNbzdEjz/
"【绿尸寒|Roblox|吉他回|Cerbathon day 37】【熟肉|Cerber 2025-07-27 直播回放|机翻】comfy game, guita",10:19:10,https://www.bilibili.com/video/BV1aN8RzYEZv/
【Neuro/Evil直播录像】机翻 2025 NEURO 生日马拉松 第六天,10:20:03,https://www.bilibili.com/video/BV1YdBDBhEdE/
[Asaki大人/猪猪公主/直播回放]03月07日,10:26:20,https://www.bilibili.com/video/BV1EkPazUE6N/
[Asaki大人/猪猪公主/直播回放(弹幕版)]03月07日,10:26:20,https://www.bilibili.com/video/BV159Paz3EVB/
【12月6日/去无声】Neuro我的世界马拉松直播 24:42开玩 DAY1,10:34:13,https://www.bilibili.com/video/BV1hW2mBNEp1/
【C&amp;M联动曲|烘焙店|林间小世界回|Cerbathon day 22】【熟肉|Cerber 2025-07-07 直播回放|机翻】SONG COVER ...,10:34:43,https://www.bilibili.com/video/BV1EcuhzxE6P/
【Neuro/Evil直播录像】机翻 2025 NEURO 生日马拉松 第十三天,10:38:57,https://www.bilibili.com/video/BV1hRvUBCETR/
"【传说之下|歌回|Cerbathon day 5】【熟肉|Cerber 2025-06-17 直播回放|机翻】yap, sing, undertaleee~",10:40:40,https://www.bilibili.com/video/BV1vSN7z6E9F/
【火鸡面挑战!|很多游戏|歌回|Cerbathon day 38】【熟肉|Cerber 2025-07-28 直播回放|机翻】comfy sunday ~,10:45:22,https://www.bilibili.com/video/BV1cZ8qzPEyg/
【Minawan披萨鉴赏|FNAF 创造的乐趣：故事模式|歌回|Cerbathon day 19】【熟肉|Cerber 2025-07-04 直播回放|机翻】.,10:45:43,https://www.bilibili.com/video/BV18Fuuz2Efn/
[馬拉松直播]12小時索拉里斯鋤大地有辦法滿鏈愛彌斯嗎 #wutheringwaves #萌萌小麥,10:47:08,https://www.bilibili.com/video/BV1wVcvzsEft/
【FAITH/信仰:邪恶三相|黄衣宝宝|歌回|Cerbathon day 28】【熟肉|Cerber 2025-07-15 直播回放|机翻】,10:48:57,https://www.bilibili.com/video/BV1AguXzfEXw/
200505  凌晨开始的马拉松直播,11:06:26,https://www.bilibili.com/video/BV1ga4y1i73Z/
【直播录像】【傲慢的小肉包】260227（失落星船：马拉松、生化危机9）（直播弹幕SC内压）,11:07:47,https://www.bilibili.com/video/BV1UyAmzBEc3/
【1月5日/去无声】Neuro三周年马拉松直播 DAY17 21:53开始,11:16:43,https://www.bilibili.com/video/BV1JuibBiEYn/
【12月30日B站官号无/去无声】Neuro直播马拉松 Day11 6:47:04玩恶魔轮盘多人版,11:19:29,https://www.bilibili.com/video/BV1NirSYoEM5/
【杀死公主|歌回|Cerbathon day 35】【熟肉|Cerber 2025-07-23 直播回放|机翻】comfy time together &gt;w&lt;,11:19:31,https://www.bilibili.com/video/BV1fPbCz6EGo/
【直播回放】MC极限马拉松! 2025年12月08日12点场,11:23:47,https://www.bilibili.com/video/BV1j12CBvE3p/
【12月27日B站官号无/完整】Neuro直播马拉松 Day8 3:38:18测评粉丝圣诞礼物,11:27:07,https://www.bilibili.com/video/BV1pM6VYjEJa/
【1月8日/去无声】Neuro下播后被Camila叫醒三周年马拉松直播 DAY20,11:29:29,https://www.bilibili.com/video/BV1ahi9BtEYH/
【12月24日/去无声】Evil Neuro玩我的世界三周年马拉松直播 DAY5 14:24开玩,11:29:34,https://www.bilibili.com/video/BV1xXBLB2EAR/
【12月28日B站官号无/完整】Neuro直播马拉松 Day9 29:38玩游戏,11:33:26,https://www.bilibili.com/video/BV16V6iY3E1W/
【12月25日B站官号无/完整】Neuro直播马拉松 Day6 2:46:51看粉丝画,11:40:15,https://www.bilibili.com/video/BV1z66UY3EwR/
【12月23日B站官号无/完整】Neuro直播马拉松 Day4 3:22:43 法庭回归,11:43:20,https://www.bilibili.com/video/BV1EnCwYJEcx/
【墨迟·录播】2026.3.1 《生化危机9》主线剧情通关实况！马拉松式直播体验了游戏,11:45:46,https://www.bilibili.com/video/BV1dPPuzLET7/
【1月10日/完整】Neuro直播马拉松 Day21 继续长途旅行4:48:29,11:50:03,https://www.bilibili.com/video/BV1iBftYoEgh/
【生肉搬运】《密特罗德》35周年纪念 游戏马拉松  SomeCallMeJohnny直播录像,11:56:46,https://www.bilibili.com/video/BV1DM4y1K7pB/
【1月7日/完整】Neuro继续长途旅行4:16:57直播马拉松 Day19,11:57:20,https://www.bilibili.com/video/BV1uccfe3EmK/
20250603 2025中央音乐学院“毕业季马拉松”推介音乐会,12:03:43,https://www.bilibili.com/video/BV1cT7eztEHY/
【1月12日/完整】Neuro玩涂鸦冒险家5:23:30 Neuro直播马拉松 Day23,12:04:21,https://www.bilibili.com/video/BV13VfRYfEtU/
【1月11日/完整】Neuro玩同人游戏们8:04:04 Neuro直播马拉松 Day22,12:07:23,https://www.bilibili.com/video/BV1Y6fqY7EXn/
【1月3日B站官号无/完整】Neuro直播马拉松 Day15 开始玩游戏们4:19:02,12:07:54,https://www.bilibili.com/video/BV15GcAexErf/
【1月9日/完整】Neuro初次玩涂鸦冒险家4:37:50 Neuro直播马拉松 Day20,12:10:06,https://www.bilibili.com/video/BV1m3wWe6Epu/
【1月13日/完整】Neuro玩文明六6:32:02 Neuro直播马拉松 Day24,12:10:36,https://www.bilibili.com/video/BV1Gbf6YpEAg/
【实况/已完结】马拉松2：杜兰达尔【Marathon 2: Durandal】,12:19:07,https://www.bilibili.com/video/BV1voPVzxEzM/
【持续更新】合金马拉松第三季比赛解说回放,12:19:36,https://www.bilibili.com/video/BV1eR4y1n7T7/
【星际拓荒回|Cerbathon day 59】【熟肉|Cerber 2025-08-23 直播回放|机翻】beat outerwilds befo vedal,12:24:01,https://www.bilibili.com/video/BV1z8eozZEVu/
[2025-2-12 Miniko直播回放]Marathon for Charity! DAY 2! American Heart Association &lt;3,12:24:02,https://www.bilibili.com/video/BV1meRoYEEmb/
【真栗】22.2.25直播录像，老头环马拉松,12:29:21,https://www.bilibili.com/video/BV1um4y1R7Wt/
【1月8日/完整】Evil玩史丹利的寓言6:04:11 Neuro直播马拉松 Day19,12:30:46,https://www.bilibili.com/video/BV1LPwzehEgi/
【直播回放】我的世界极限马拉松！ 2025年12月06日02点场,12:33:30,https://www.bilibili.com/video/BV1JA2sBnE7q/
风色幻想6冒险奏鸣part7(第七章~第九章開頭) 假日12小時馬拉松直播，拚拚一周目結局 #風色幻想NeXus #經典再現 #台灣原創IP #萌萌小麥,12:35:12,https://www.bilibili.com/video/BV11smBBiEGp/
【1月4日/完整】Neuro直播马拉松 Day16 开始玩游戏们4:10:16,12:40:58,https://www.bilibili.com/video/BV199c2ejEvc/
【游戏实况】洛克人马拉松！元祖遗产合集系列第一部！,12:54:46,https://www.bilibili.com/video/BV1xj411f7bU/
【1月15日/完整】Neuro玩小小不幸4:17:13 Neuro直播马拉松 Day26,12:56:44,https://www.bilibili.com/video/BV18GFVeGE57/
国人玩家创造奇迹！挑战一天连续速通生化危机全系列！ 【生化马拉松】,14:17:31,https://www.bilibili.com/video/BV1QbZgBxEc4/
【12月24日B站官号缺/完整】Neuro直播马拉松 Day5 7:35:50 玩VR 机翻未校对,14:28:24,https://www.bilibili.com/video/BV15o6aYxESa/
【12月7日/去无声】Neuro我的世界马拉松直播 20:07开玩 DAY2,14:32:25,https://www.bilibili.com/video/BV1qSmJBqEXb/
[ 三角洲行动 ] 零号大坝马拉松式“猛攻”#1,14:46:23,https://www.bilibili.com/video/BV1XypCzDERG/
2022箱根驿传 —— 第98回东京箱根间往复大学驿传竞走,14:53:03,https://www.bilibili.com/video/BV17Y411a7wx/
文明4DOCv1.11中国马拉松模式（历史胜利，娱乐局）,15:55:58,https://www.bilibili.com/video/BV1u441197si/
王诗蒙24小时口袋48马拉松直播【SHY48】Team SIII 20180722,15:57:11,https://www.bilibili.com/video/BV1as411P7i7/
【游戏实况】洛克人马拉松！X遗产合集第二部！,17:07:01,https://www.bilibili.com/video/BV1cE411V7wu/
【Vedal和Neuro-sama】2025年01月06日-直播马拉松Day 16,17:16:25,https://www.bilibili.com/video/BV137rVYPERY/
直击台风摩羯-海南新闻频道/海南应急18小时大直播特别报道（2024年9月6日）,17:26:40,https://www.bilibili.com/video/BV1BfHXefEX5/
马拉松见！_202503281429_0,17:35:03,https://www.bilibili.com/video/BV11dZJYJEdS/
[童猪啊i/直播回放(弹幕版)] 2026年03月07日 失落星船：马拉松~~~,17:43:33,https://www.bilibili.com/video/BV15QPazkE5M/
20251231-Neuro三周年马拉松！,17:49:06,https://www.bilibili.com/video/BV1bDiNBnE52/
【Vedal和Neuro-sama】2025年01月05日-直播马拉松Day 16,17:57:04,https://www.bilibili.com/video/BV1PHrTYTEn9/
【不会起名的凯凯】20260310直播回放-先马拉松 下午三角洲！,18:14:45,https://www.bilibili.com/video/BV1H5cdz5E2t/
【游戏实况】洛克人马拉松！ZERO遗产合集！,18:52:42,https://www.bilibili.com/video/BV1p7411C7st/
20251220-Neuro三周年马拉松！,19:48:18,https://www.bilibili.com/video/BV1sSBwB3EFg/
20260103-Neuro三周年马拉松！,20:07:25,https://www.bilibili.com/video/BV1U7iaBoEvV/
【Vedal和Neuro-sama】2024年12月25日-直播马拉松 Day5,21:00:22,https://www.bilibili.com/video/BV1ZZCaYvEGY/
【失落星船：马拉松--成长之路】各阵营合约任务流程（持续更新）,21:13:24,https://www.bilibili.com/video/BV1zFPpzxE9q/
20251206-我的世界极限马拉松！,21:33:30,https://www.bilibili.com/video/BV1RU2nBAEs8/
20260105-Neuro三周年马拉松！,21:56:13,https://www.bilibili.com/video/BV19YiWByEHq/
20260108-Neuro三周年马拉松！,22:23:41,https://www.bilibili.com/video/BV1gAiUBGE26/
【Vedal和Neuro-sama】2024年12月31日-直播马拉松Day 9,23:02:52,https://www.bilibili.com/video/BV1sF6pYCEw8/
【直播回放】MC极限马拉松! 2025年12月06日15点场,23:58:57,https://www.bilibili.com/video/BV1XFmFBuEqn/
20260101-Neuro三周年马拉松！,24:24:59,https://www.bilibili.com/video/BV1HkiLBiEaE/
20251207-MC极限马拉松!,25:51:25,https://www.bilibili.com/video/BV1nw2oB3Ey8/
风色幻想XX：交错的轨迹part3(第二章下半~第五章結局)連休7天馬拉松直播 #風色幻想NeXus #經典再現 #台灣原創IP #萌萌小麥,26:00:33,https://www.bilibili.com/video/BV1etidBMEam/
2024-12-31 直播马拉松Day 9,29:56:17,https://www.bilibili.com/video/BV1Ux6EYuEvB/
【Vedal和Neuro-sama】2024年12月30日-直播马拉松Day 9,31:02:44,https://www.bilibili.com/video/BV1DT6gYJEPX/
彩虹果玩马拉松全程视频（剪辑版的大号会分期发）,31:16:07,https://www.bilibili.com/video/BV1bE411L7rc/
0氪32小时一场直播肝出莱万汀！16w人看过的赛博马拉松！最后一抽主播情绪崩溃又哭又笑观众看完集体力竭,32:09:05,https://www.bilibili.com/video/BV1Dr6EBBExP/
马拉松地球图征服直播录像,34:55:02,https://www.bilibili.com/video/BV1Ad4y1T7ue/
【Vedal和Neuro-sama】2024年12月26日-直播马拉松Day 7,42:51:58,https://www.bilibili.com/video/BV1ueCCYQEb9/
【Vedal和Neuro-sama】2024年12月21日-直播马拉松 Day2,51:14:09,https://www.bilibili.com/video/BV16bksYEEom/
【Vedal和Neuro-sama】2025年01月12日-直播马拉松Day 24,54:01:13,https://www.bilibili.com/video/BV1urcVejEK3/
【CC机翻/Shoto/直播回放】三周年sub马拉松耐久直播（2022.12.21）,61:44:39,https://www.bilibili.com/video/BV1DW4y1K74p/
Kael鹿《巫师3&amp;赛博朋克2077马拉松》游戏实况（已完结）,83:17:26,https://www.bilibili.com/video/BV15YAzevEsr/
Kael鹿《魂系马拉松》游戏实况（已完结）,100:31:39,https://www.bilibili.com/video/BV1Ms4y1F76M/
【Vedal和Neuro-sama】三周年马拉松直播录像,116:34:33,https://www.bilibili.com/video/BV1orBcBoEpL/
Neuro-sama三周年马拉松订阅直播 直播录像合集（完结，共259P）,117:05:17,https://www.bilibili.com/video/BV1K8rZBVEXz/
【Vedal和Neuro-sama】2025年01月07日-直播马拉松Day 18,120:01:56,https://www.bilibili.com/video/BV1XcrDYzECi/
Kael鹿《塞尔达马拉松》游戏实况（已完结）,127:30:05,https://www.bilibili.com/video/BV1ph4y1X73z/
Neuro-sama三周年马拉松订阅直播 直播录像合集（投稿上限P200）,397:50:47,https://www.bilibili.com/video/BV1wZqrBLEzh/
备站大马，最后一次长距离模拟比赛，大马能否破三并且录全程？,01:00:11,https://www.bilibili.com/video/BV1ku4y1x7p5/
180步频跑步音乐｜乳酸阈值跑｜半马120+,01:00:15,https://www.bilibili.com/video/BV1NRooYQEYp/
60分钟 170BPM 跑步音乐 🏃 专为跑步者打造的放克摇滚能量混音 | 高能量步幅助推器- 活力800,01:00:16,https://www.bilibili.com/video/BV1yLcxzwE2z/
EP2-180BPM：极简思维与个人成长 | 如何全力活出精彩人生| 跑步音乐播客,01:00:21,https://www.bilibili.com/video/BV1CTswzXEKF/
上海高桥滨江森林公园 4K跑步机风景vlog 三岔港 望海空中廊道 樱花林 水杉森林 滈园 森林木栈道 湿地 上海跑步路线 260307 citywalk,01:00:22,https://www.bilibili.com/video/BV19yNwzZEVN/
适配180步频的跑步歌单，半小时系列：汪苏泷歌曲选集！踩着汪苏泷旋律，180步频畅快开跑，你也喜欢跑步吗！？,01:00:36,https://www.bilibili.com/video/BV14EGmzfEMa/
[PIU Simply Love]狂奔1小时地狱马拉松！Eurobeat is Fantastic！(95.33%) by - 面点,01:00:43,https://www.bilibili.com/video/BV1aK4y1E7uz/
2025百万美金马拉松赛 第一集,01:00:46,https://www.bilibili.com/video/BV1qAS8BiE6x/
【PIU PRO2】是男人就狂奔一小时！！地狱马拉松！！ Eurobeat is Fantastic！！Cleared！！89.13%！！,01:00:53,https://www.bilibili.com/video/BV13V411o794/
2024金昌半程马拉松准全程记录140完赛,01:00:55,https://www.bilibili.com/video/BV16ktQeVERk/
【253!】柏林马拉松精英糖赛后复盘跑 | 疯狂吐槽 | 训练计划,01:00:59,https://www.bilibili.com/video/BV1zm43e9Exf/
2025福州马拉松4K原声纯享版,01:00:59,https://www.bilibili.com/video/BV1Vkm1BMEya/
【跳舞机】比跑步机更硬核!!听着逮捕虾户狂跑一小时马拉松34454个步数！,01:01:01,https://www.bilibili.com/video/BV1XJ411D7wS/
【10KM陪跑】180步频跑步音乐｜精准踩点｜Taylor Swift 霉霉 | 180BPM精准节拍器+跑步歌单+跑步音乐,01:01:16,https://www.bilibili.com/video/BV1oUxiz1EL8/
落羽杉铺就的红毯 共青森林公园 4K跑步机风景vlog 万竹园 parkrun 观鸟 摄影圣地 上海跑步路线260216 citywalk 轻越野 马拉松 助眠,01:01:28,https://www.bilibili.com/video/BV1YdZKBHEuC/
【第一视角·全程】1000米间歇跑（03/02/2021）(粗重喘气声预警！！）,01:01:38,https://www.bilibili.com/video/BV17K4y1J7uh/
EP68:箱根驿传启示录：日本的“长跑春晚”如何炼成，中国差在哪？,01:01:40,https://www.bilibili.com/video/BV1bSrKBBEez/
杨浦滨江迎春跑虹口北外滩 4K跑步机风景vlog 陆家嘴 外滩 东方鱼人码头 杨浦大桥 黄浦江 苏州河 复兴岛航海公园 上海跑步路线260301citywalk,01:01:47,https://www.bilibili.com/video/BV1XjAzzREz2/
185 模特帅哥室内健身娱乐直播 2024.10.22,01:02:02,https://www.bilibili.com/video/BV1pv1bYrEvw/
花小龙壁山马拉松全马，最后7公里直播回放，破五,01:02:06,https://www.bilibili.com/video/BV1vYqdYEECM/
2024北京马拉松38公里处混剪,01:02:25,https://www.bilibili.com/video/BV1g8DnYrE7Y/
第一视角1小时跑步纯享版,01:02:29,https://www.bilibili.com/video/BV1aR4y167Gf/
【BYlog】幸福像花儿一样——2025定安幸福跑比赛日全程记录,01:02:49,https://www.bilibili.com/video/BV1zKT3zYEL8/
【元旦作】[广马绕行限定/POV.31]广州公交247线快车全程行车视频,01:02:56,https://www.bilibili.com/video/BV1Xj6XYVEMH/
骁途s6pro，黄旗山健康跑一下,01:03:05,https://www.bilibili.com/video/BV1Ufy6BgE3L/
累计爬升520米的半马赛道？对标巴黎奥运会全马！！| 2024庐山半程马拉松全记录,01:03:23,https://www.bilibili.com/video/BV1URDcYQEXc/
精选中文歌曲（七）『精确校准|步频160』 60分钟跑步音乐,01:03:38,https://www.bilibili.com/video/BV15YzVYKEa2/
无伤跑法1和2配套视频,01:04:45,https://www.bilibili.com/video/BV18uWTeWE6Q/
新江湾城观鸟湿地生态走廊冬跑 4K跑步机风景vlog 钓鱼圣地 纬二河 经三河 纬六河 纬七河 上海跑步路线 260207citywalk 轻越野 马拉松,01:04:48,https://www.bilibili.com/video/BV1NCFszcE3Z/
森兰绿地冬跑浦东牡丹园 4K跑步机风景vlog 赵家沟 宝莲庵 高行镇 外高桥 上海跑步路线 260131 citywalk 马拉松 助眠 减肥 第一视角,01:05:02,https://www.bilibili.com/video/BV1cu62BNELP/
上海之鱼 奉贤金海湖 迎春跑 4K跑步机风景vlog 泡泡公园 金汇港 金鱼广场 年丰公园 唐草公园 奉贤博物馆 在水一方科技馆 上海跑步路线 260220,01:05:17,https://www.bilibili.com/video/BV1T4fGB8Emh/
【半记录】杭州马拉松前15公里第一人称全记录,01:05:27,https://www.bilibili.com/video/BV1M41EB2Enz/
徐汇华泾公园冬跑梅陇生态园 4K跑步机风景vlog 春申公园 闻翠园 叠翠园 得翠园 听翠园 莘庄梅园 闵行外环绿道 上海跑步路线 260201citywalk,01:05:44,https://www.bilibili.com/video/BV1B664B3E8E/
第一视角.10公里跑步（听歌）,01:06:05,https://www.bilibili.com/video/BV1bi4y1D7UW/
【音速计划】持续更新中…180步频跑步音乐合辑，全民跑步，马拉松比赛专用音乐，,01:06:10,https://www.bilibili.com/video/BV1y14y1H7vJ/
东京马拉松2020 頒獎典禮,01:06:13,https://www.bilibili.com/video/BV1oE411E7Wh/
180318 妍雨YEONWOO@首尔国际马拉松庆典【4K饭拍合辑】,01:06:25,https://www.bilibili.com/video/BV1cE411n7Qy/
我的2024年第一场马拉松，香港渣打马拉松，成绩4小时58分钟25秒，用66分钟纪录片来纪念。,01:06:48,https://www.bilibili.com/video/BV1oQ4y1F7MA/
Bob Graham环线：超马纪录片（中文字幕 4K超清）,01:06:49,https://www.bilibili.com/video/BV1Hy4y1p7Kd/
坦克世界-马拉松活动一小时速刷攻略指南,01:07:12,https://www.bilibili.com/video/BV17CxdeGEth/
心动过缓VOL01: 跑鞋博主的赛季总结（上）,01:07:37,https://www.bilibili.com/video/BV1AWvWBZEfX/
【健身歌单】这张跑步歌单，让你瞬间进入最佳状态，挑战极限心率 | 绝对可以让你大汗淋漓的跑步必备音乐,01:07:46,https://www.bilibili.com/video/BV1LFa2zQEjV/
2023临马半程路线踩点,01:07:46,https://www.bilibili.com/video/BV16H4y1R7Aq/
魔性的聚会游戏，大家一起来跑步——日本马拉松,01:07:59,https://www.bilibili.com/video/BV1dt411e7a3/
【嘉哥带你骑行游宁波】（四）2025宁波马拉松路线骑行（上）,01:08:25,https://www.bilibili.com/video/BV1Cg66YfEMt/
精选中文DJ合集（三）『精确校准|步频200』 60分钟跑步音乐,01:08:28,https://www.bilibili.com/video/BV1LrCHYqETq/
"【Phigros自制/圆周率之歌】68分钟的马拉松！初音ミクが円周率10,000桁覚えたようです。 SP Lv.π",01:08:33,https://www.bilibili.com/video/BV1pAXvYVE1k/
2025年最佳公路跑鞋｜Best In Gear（BIG）年度大奖【Believe in the Run】,01:08:44,https://www.bilibili.com/video/BV1SrqnBvEhV/
9年后再开荒专家《不是英雄》生化7dlc | 生化全系列马拉松,01:08:46,https://www.bilibili.com/video/BV1oDfcBVEp2/
冬训中的耐力训练,01:08:57,https://www.bilibili.com/video/BV11G411T7hx/
【第一视角·全程】开学季-13K轻松跑@UCSB（09/25/2021）,01:08:58,https://www.bilibili.com/video/BV1zh411n7Ti/
2025年我们的跑步之走马观花回顾,01:09:00,https://www.bilibili.com/video/BV1XvmDB7EtL/
2026.03.11 【Holly B Fitness】我跑了3分48秒的马拉松 | 洛杉矶马拉松视频 | 碳水补充，马拉松准备，比赛当天，还是在月经期间？！,01:09:00,https://www.bilibili.com/video/BV1x7wPz5Ee5/
【日本选手第一】青山学院太苍生第103届关东校际田径男子二部、三部半程马拉松,01:09:25,https://www.bilibili.com/video/BV1MZ421x7m3/
2026❤️听薛之谦，过尽千帆！180分钟情感音乐马拉松｜bilibili限定·听够一整夜,01:09:41,https://www.bilibili.com/video/BV1EMA8zgEGz/
2025上海半马10K现场纪录,01:10:13,https://www.bilibili.com/video/BV1DtTez2ExB/
【无加速无剪辑沉浸式跑山】0°C长沙暴汗两登岳麓山，38岁男人跑步的仪式感,01:10:29,https://www.bilibili.com/video/BV1359HYHENb/
东京马拉松2020 赛前記者招待会,01:10:37,https://www.bilibili.com/video/BV12E411n7eC/
【跑步日记】10KM，6半分慢揺，隔壁镇里跑一圈,01:10:41,https://www.bilibili.com/video/BV1ZsZjBpEnQ/
【0713考古】三生有幸马拉松Live彩排,01:10:57,https://www.bilibili.com/video/BV1aL4y1c7PJ/
【合集】190317 首尔马拉松大会公演 April直拍,01:11:12,https://www.bilibili.com/video/BV1rb411n7nJ/
【柳州公交POV】【改线后】柳州恒达巴士31路崇军专线上下行全程[东园公交站（恒达机械制造公司）⇄市中医院]前方展望POV,01:11:19,https://www.bilibili.com/video/BV1D4d9YJEkc/
香港魔鬼赛道不相信眼泪 VLOG 2024香港渣打马拉松｜Insta360 Go3,01:11:31,https://www.bilibili.com/video/BV1Yc411v7wg/
广州ATC 催眠马拉松2,01:11:32,https://www.bilibili.com/video/BV1Jt421h7t9/
自驾浙江最美公路翁金线，全程绿树成荫，适合骑行或者摩旅，拍摄2024年3月31日,01:12:01,https://www.bilibili.com/video/BV1vT421e7YD/
第100期视频？新人的分水岭？马拉松、婚礼、南昌、深圳、香港故事《pop的游记》【谈心电台】,01:12:02,https://www.bilibili.com/video/BV1ZxsJzYE6P/
和平地铁一图辐射区马拉松跑刀,01:12:05,https://www.bilibili.com/video/BV1StfxBKEMs/
EP732_361°飞燃&amp;SpireS 9人众测：碳板新成员实力到底如何？,01:12:41,https://www.bilibili.com/video/BV1Xv411j7Pp/
【V6】19980823森田刚24小时马拉松全程,01:12:59,https://www.bilibili.com/video/BV1Qs411X7GT/
悉尼马拉松比赛日《大电影》 2:47:59 的七星之旅,01:13:09,https://www.bilibili.com/video/BV1Xba4zFETw/
听说现在年轻人跑步时候更愿意听这个了~第一次播客体验，作客“大概纸示”，和大头、纸巾老师聊聊八百流沙、聊聊跑步,01:13:44,https://www.bilibili.com/video/BV1MjyBBwEVY/
马拉松的训练结构,01:13:44,https://www.bilibili.com/video/BV1BG4y1b7dn/
希望马拉松 希望TV24 super junior,01:14:12,https://www.bilibili.com/video/BV1Hs411P7iW/
2025 上海马拉松（前200名～破3选手）跑姿穿搭,01:14:23,https://www.bilibili.com/video/BV1atSiBCEPf/
【大佬来了】中国奥运马拉松首枚奖牌获得者周春秀老师作客南京大学定向越野队,01:14:44,https://www.bilibili.com/video/BV15q4y1F7Yr/
【纪录片】箱根驿传（箱根接力赛）,01:14:49,https://www.bilibili.com/video/BV1Gh411S7LQ/
女声合集『精确校准|步频180』 70分钟跑步音乐 带节拍器,01:14:58,https://www.bilibili.com/video/BV1c79mYLEsb/
【高清】2017青岛马拉松赛全程视频,01:14:59,https://www.bilibili.com/video/BV16x411j7Xe/
【2023伦敦马拉松】跑者周末精华版｜精英糖破三｜伦敦街头漫步｜挑战基普乔格世界纪录配速,01:15:12,https://www.bilibili.com/video/BV12V4y1r7K2/
WHV过去快两年了，我的生活里发生了什么？WHV回顾，马拉松完赛，兼职分享，英语学习必过的一关还有早日再看看更大的世界再平安返家！yeah,01:15:36,https://www.bilibili.com/video/BV1ygq8BmEs9/
跑崩的绍兴马拉松  上,01:16:16,https://www.bilibili.com/video/BV1VwmWY2Egx/
林丹VS安塞龙｜2015日本公开赛男单决赛高清低视角音频修复版,01:16:17,https://www.bilibili.com/video/BV1g6EyzzErz/
